{
"type": "FeatureCollection",
"name": "labels",
"crs": { "type": "name", "properties": { "name": "urn:ogc:def:crs:OGC:1.3:CRS84" } },
"xy_coordinate_resolution": 1e-05,
"features": [
{ "type": "Feature", "properties": { "nivel": "departamento", "codigo": "05", "label": "Antioquia", "area": 5.1351 }, "geometry": { "type": "Point", "coordinates": [ -75.43726, 7.14626 ] } },
{ "type": "Feature", "properties": { "nivel": "departamento", "codigo": "08", "label": "Atlántico", "area": 0.2748 }, "geometry": { "type": "Point", "coordinates": [ -74.98468, 10.67932 ] } },
{ "type": "Feature", "properties": { "nivel": "departamento", "codigo": "11", "label": "Bogotá, D.C.", "area": 0.1322 }, "geometry": { "type": "Point", "coordinates": [ -74.17478, 4.28389 ] } },
{ "type": "Feature", "properties": { "nivel": "departamento", "codigo": "13", "label": "Bolívar", "area": 2.1946 }, "geometry": { "type": "Point", "coordinates": [ -74.23094, 8.8904 ] } },
{ "type": "Feature", "properties": { "nivel": "departamento", "codigo": "15", "label": "Boyacá", "area": 1.8867 }, "geometry": { "type": "Point", "coordinates": [ -72.82344, 5.85134 ] } },
{ "type": "Feature", "properties": { "nivel": "departamento", "codigo": "17", "label": "Caldas", "area": 0.6055 }, "geometry": { "type": "Point", "coordinates": [ -75.33974, 5.28942 ] } },
{ "type": "Feature", "properties": { "nivel": "departamento", "codigo": "18", "label": "Caquetá", "area": 7.5402 }, "geometry": { "type": "Point", "coordinates": [ -74.77659, 1.11626 ] } },
{ "type": "Feature", "properties": { "nivel": "departamento", "codigo": "19", "label": "Cauca", "area": 2.5344 }, "geometry": { "type": "Point", "coordinates": [ -76.87031, 2.14348 ] } },
{ "type": "Feature", "properties": { "nivel": "departamento", "codigo": "20", "label": "Cesar", "area": 1.8557 }, "geometry": { "type": "Point", "coordinates": [ -73.62106, 9.27109 ] } },
{ "type": "Feature", "properties": { "nivel": "departamento", "codigo": "23", "label": "Córdoba", "area": 2.0575 }, "geometry": { "type": "Point", "coordinates": [ -75.68293, 8.39753 ] } },
{ "type": "Feature", "properties": { "nivel": "departamento", "codigo": "25", "label": "Cundinamarca", "area": 1.8237 }, "geometry": { "type": "Point", "coordinates": [ -73.67331, 4.78369 ] } },
{ "type": "Feature", "properties": { "nivel": "departamento", "codigo": "27", "label": "Chocó", "area": 3.9399 }, "geometry": { "type": "Point", "coordinates": [ -77.08409, 6.32105 ] } },
{ "type": "Feature", "properties": { "nivel": "departamento", "codigo": "41", "label": "Huila", "area": 1.4742 }, "geometry": { "type": "Point", "coordinates": [ -75.44679, 2.69768 ] } },
{ "type": "Feature", "properties": { "nivel": "departamento", "codigo": "44", "label": "La Guajira", "area": 1.707 }, "geometry": { "type": "Point", "coordinates": [ -72.59171, 11.42812 ] } },
{ "type": "Feature", "properties": { "nivel": "departamento", "codigo": "47", "label": "Magdalena", "area": 1.9093 }, "geometry": { "type": "Point", "coordinates": [ -74.50473, 10.1427 ] } },
{ "type": "Feature", "properties": { "nivel": "departamento", "codigo": "50", "label": "Meta", "area": 6.7362 }, "geometry": { "type": "Point", "coordinates": [ -72.86307, 3.25989 ] } },
{ "type": "Feature", "properties": { "nivel": "departamento", "codigo": "52", "label": "Nariño", "area": 2.5484 }, "geometry": { "type": "Point", "coordinates": [ -77.88066, 1.5227 ] } },
{ "type": "Feature", "properties": { "nivel": "departamento", "codigo": "54", "label": "Norte de Santander", "area": 1.8028 }, "geometry": { "type": "Point", "coordinates": [ -72.86123, 8.08128 ] } },
{ "type": "Feature", "properties": { "nivel": "departamento", "codigo": "63", "label": "Quindío", "area": 0.1574 }, "geometry": { "type": "Point", "coordinates": [ -75.69458, 4.39832 ] } },
{ "type": "Feature", "properties": { "nivel": "departamento", "codigo": "66", "label": "Risaralda", "area": 0.2898 }, "geometry": { "type": "Point", "coordinates": [ -75.97929, 5.11546 ] } },
{ "type": "Feature", "properties": { "nivel": "departamento", "codigo": "68", "label": "Santander", "area": 2.4929 }, "geometry": { "type": "Point", "coordinates": [ -73.27005, 6.92648 ] } },
{ "type": "Feature", "properties": { "nivel": "departamento", "codigo": "70", "label": "Sucre", "area": 0.8708 }, "geometry": { "type": "Point", "coordinates": [ -75.18732, 9.21166 ] } },
{ "type": "Feature", "properties": { "nivel": "departamento", "codigo": "73", "label": "Tolima", "area": 1.965 }, "geometry": { "type": "Point", "coordinates": [ -75.11759, 4.09521 ] } },
{ "type": "Feature", "properties": { "nivel": "departamento", "codigo": "76", "label": "Valle del Cauca", "area": 1.6798 }, "geometry": { "type": "Point", "coordinates": [ -76.12292, 4.06933 ] } },
{ "type": "Feature", "properties": { "nivel": "departamento", "codigo": "81", "label": "Arauca", "area": 1.9442 }, "geometry": { "type": "Point", "coordinates": [ -70.95599, 6.56967 ] } },
{ "type": "Feature", "properties": { "nivel": "departamento", "codigo": "85", "label": "Casanare", "area": 3.6151 }, "geometry": { "type": "Point", "coordinates": [ -71.6621, 5.31676 ] } },
{ "type": "Feature", "properties": { "nivel": "departamento", "codigo": "86", "label": "Putumayo", "area": 2.108 }, "geometry": { "type": "Point", "coordinates": [ -76.05856, 0.45257 ] } },
{ "type": "Feature", "properties": { "nivel": "departamento", "codigo": "88", "label": "Archipiélago de San Andrés, Providencia y Santa Catalina", "area": 0.004 }, "geometry": { "type": "Point", "coordinates": [ -81.37516, 13.35317 ] } },
{ "type": "Feature", "properties": { "nivel": "departamento", "codigo": "91", "label": "Amazonas", "area": 8.8775 }, "geometry": { "type": "Point", "coordinates": [ -71.32939, -2.06577 ] } },
{ "type": "Feature", "properties": { "nivel": "departamento", "codigo": "94", "label": "Guainía", "area": 5.7479 }, "geometry": { "type": "Point", "coordinates": [ -69.18912, 2.60518 ] } },
{ "type": "Feature", "properties": { "nivel": "departamento", "codigo": "95", "label": "Guaviare", "area": 4.5089 }, "geometry": { "type": "Point", "coordinates": [ -72.37469, 1.79028 ] } },
{ "type": "Feature", "properties": { "nivel": "departamento", "codigo": "97", "label": "Vaupés", "area": 4.3138 }, "geometry": { "type": "Point", "coordinates": [ -70.94633, 0.42623 ] } },
{ "type": "Feature", "properties": { "nivel": "departamento", "codigo": "99", "label": "Vichada", "area": 8.1007 }, "geometry": { "type": "Point", "coordinates": [ -69.46753, 4.52794 ] } },
{ "type": "Feature", "properties": { "nivel": "municipio", "codigo": "05001", "label": "Medellín", "area": 0.0306 }, "geometry": { "type": "Point", "coordinates": [ -75.60177, 6.26878 ] } },
{ "type": "Feature", "properties": { "nivel": "municipio", "codigo": "05002", "label": "Abejorral", "area": 0.0414 }, "geometry": { "type": "Point", "coordinates": [ -75.43004, 5.80515 ] } },
{ "type": "Feature", "properties": { "nivel": "municipio", "codigo": "05004", "label": "Abriaquí", "area": 0.0243 }, "geometry": { "type": "Point", "coordinates": [ -76.08341, 6.62933 ] } },
{ "type": "Feature", "properties": { "nivel": "municipio", "codigo": "05021", "label": "Alejandría", "area": 0.0105 }, "geometry": { "type": "Point", "coordinates": [ -75.09937, 6.35622 ] } },
{ "type": "Feature", "properties": { "nivel": "municipio", "codigo": "05030", "label": "Amagá", "area": 0.0069 }, "geometry": { "type": "Point", "coordinates": [ -75.70375, 6.03437 ] } },
{ "type": "Feature", "properties": { "nivel": "municipio", "codigo": "05031", "label": "Amalfi", "area": 0.0989 }, "geometry": { "type": "Point", "coordinates": [ -74.95147, 7.02048 ] } },
{ "type": "Feature", "properties": { "nivel": "municipio", "codigo": "05034", "label": "Andes", "area": 0.0328 }, "geometry": { "type": "Point", "coordinates": [ -75.9452, 5.62869 ] } },
{ "type": "Feature", "properties": { "nivel": "municipio", "codigo": "05036", "label": "Angelópolis", "area": 0.0067 }, "geometry": { "type": "Point", "coordinates": [ -75.72108, 6.13169 ] } },
{ "type": "Feature", "properties": { "nivel": "municipio", "codigo": "05038", "label": "Angostura", "area": 0.0277 }, "geometry": { "type": "Point", "coordinates": [ -75.35255, 6.86918 ] } },
{ "type": "Feature", "properties": { "nivel": "municipio", "codigo": "05040", "label": "Anorí", "area": 0.1157 }, "geometry": { "type": "Point", "coordinates": [ -75.15632, 7.17781 ] } },
{ "type": "Feature", "properties": { "nivel": "municipio", "codigo": "05042", "label": "Santa Fé de Antioquia", "area": 0.0429 }, "geometry": { "type": "Point", "coordinates": [ -75.9135, 6.53975 ] } },
{ "type": "Feature", "properties": { "nivel": "municipio", "codigo": "05044", "label": "Anzá", "area": 0.0209 }, "geometry": { "type": "Point", "coordinates": [ -75.91782, 6.31389 ] } },
{ "type": "Feature", "properties": { "nivel": "municipio", "codigo": "05045", "label": "Apartadó", "area": 0.0438 }, "geometry": { "type": "Point", "coordinates": [ -76.53409, 7.92106 ] } },
{ "type": "Feature", "properties": { "nivel": "municipio", "codigo": "05051", "label": "Arboletes", "area": 0.0618 }, "geometry": { "type": "Point", "coordinates": [ -76.42709, 8.65328 ] } },
{ "type": "Feature", "properties": { "nivel": "municipio", "codigo": "05055", "label": "Argelia", "area": 0.02 }, "geometry": { "type": "Point", "coordinates": [ -75.09412, 5.70372 ] } },
{ "type": "Feature", "properties": { "nivel": "municipio", "codigo": "05059", "label": "Armenia", "area": 0.009 }, "geometry": { "type": "Point", "coordinates": [ -75.79229, 6.17432 ] } },
{ "type": "Feature", "properties": { "nivel": "municipio", "codigo": "05079", "label": "Barbosa", "area": 0.0168 }, "geometry": { "type": "Point", "coordinates": [ -75.33709, 6.43918 ] } },
{ "type": "Feature", "properties": { "nivel": "municipio", "codigo": "05086", "label": "Belmira", "area": 0.0242 }, "geometry": { "type": "Point", "coordinates": [ -75.68797, 6.6462 ] } },
{ "type": "Feature", "properties": { "nivel": "municipio", "codigo": "05088", "label": "Bello", "area": 0.0121 }, "geometry": { "type": "Point", "coordinates": [ -75.58916, 6.36112 ] } },
{ "type": "Feature", "properties": { "nivel": "municipio", "codigo": "05091", "label": "Betania", "area": 0.0147 }, "geometry": { "type": "Point", "coordinates": [ -75.979, 5.7327 ] } },
{ "type": "Feature", "properties": { "nivel": "municipio", "codigo": "05093", "label": "Betulia", "area": 0.0214 }, "geometry": { "type": "Point", "coordinates": [ -75.93825, 6.18116 ] } },
{ "type": "Feature", "properties": { "nivel": "municipio", "codigo": "05101", "label": "Ciudad Bolívar", "area": 0.0215 }, "geometry": { "type": "Point", "coordinates": [ -76.00316, 5.84246 ] } },
{ "type": "Feature", "properties": { "nivel": "municipio", "codigo": "05107", "label": "Briceño", "area": 0.0308 }, "geometry": { "type": "Point", "coordinates": [ -75.58254, 7.12106 ] } },
{ "type": "Feature", "properties": { "nivel": "municipio", "codigo": "05113", "label": "Buriticá", "area": 0.029 }, "geometry": { "type": "Point", "coordinates": [ -75.91999, 6.8095 ] } },
{ "type": "Feature", "properties": { "nivel": "municipio", "codigo": "05120", "label": "Cáceres", "area": 0.1535 }, "geometry": { "type": "Point", "coordinates": [ -75.24137, 7.6544 ] } },
{ "type": "Feature", "properties": { "nivel": "municipio", "codigo": "05125", "label": "Caicedo", "area": 0.0163 }, "geometry": { "type": "Point", "coordinates": [ -75.99151, 6.42577 ] } },
{ "type": "Feature", "properties": { "nivel": "municipio", "codigo": "05129", "label": "Caldas", "area": 0.0108 }, "geometry": { "type": "Point", "coordinates": [ -75.6308, 6.04917 ] } },
{ "type": "Feature", "properties": { "nivel": "municipio", "codigo": "05134", "label": "Campamento", "area": 0.019 }, "geometry": { "type": "Point", "coordinates": [ -75.29832, 7.07006 ] } },
{ "type": "Feature", "properties": { "nivel": "municipio", "codigo": "05138", "label": "Cañasgordas", "area": 0.0298 }, "geometry": { "type": "Point", "coordinates": [ -76.04468, 6.81331 ] } },
{ "type": "Feature", "properties": { "nivel": "municipio", "codigo": "05142", "label": "Caracolí", "area": 0.0215 }, "geometry": { "type": "Point", "coordinates": [ -74.73335, 6.34694 ] } },
{ "type": "Feature", "properties": { "nivel": "municipio", "codigo": "05145", "label": "Caramanta", "area": 0.0075 }, "geometry": { "type": "Point", "coordinates": [ -75.63433, 5.56177 ] } },
{ "type": "Feature", "properties": { "nivel": "municipio", "codigo": "05147", "label": "Carepa", "area": 0.0317 }, "geometry": { "type": "Point", "coordinates": [ -76.74843, 7.79839 ] } },
{ "type": "Feature", "properties": { "nivel": "municipio", "codigo": "05148", "label": "El Carmen de Viboral", "area": 0.0334 }, "geometry": { "type": "Point", "coordinates": [ -75.25803, 5.97861 ] } },
{ "type": "Feature", "properties": { "nivel": "municipio", "codigo": "05150", "label": "Carolina", "area": 0.0122 }, "geometry": { "type": "Point", "coordinates": [ -75.30879, 6.7501 ] } },
{ "type": "Feature", "properties": { "nivel": "municipio", "codigo": "05154", "label": "Caucasia", "area": 0.1171 }, "geometry": { "type": "Point", "coordinates": [ -75.05034, 7.8382 ] } },
{ "type": "Feature", "properties": { "nivel": "municipio", "codigo": "05172", "label": "Chigorodó", "area": 0.059 }, "geometry": { "type": "Point", "coordinates": [ -76.63854, 7.61316 ] } },
{ "type": "Feature", "properties": { "nivel": "municipio", "codigo": "05190", "label": "Cisneros", "area": 0.0038 }, "geometry": { "type": "Point", "coordinates": [ -75.08137, 6.54595 ] } },
{ "type": "Feature", "properties": { "nivel": "municipio", "codigo": "05197", "label": "Cocorná", "area": 0.0211 }, "geometry": { "type": "Point", "coordinates": [ -75.14307, 5.99272 ] } },
{ "type": "Feature", "properties": { "nivel": "municipio", "codigo": "05206", "label": "Concepción", "area": 0.0165 }, "geometry": { "type": "Point", "coordinates": [ -75.23034, 6.36872 ] } },
{ "type": "Feature", "properties": { "nivel": "municipio", "codigo": "05209", "label": "Concordia", "area": 0.0202 }, "geometry": { "type": "Point", "coordinates": [ -75.92642, 6.05974 ] } },
{ "type": "Feature", "properties": { "nivel": "municipio", "codigo": "05212", "label": "Copacabana", "area": 0.0055 }, "geometry": { "type": "Point", "coordinates": [ -75.49796, 6.35952 ] } },
{ "type": "Feature", "properties": { "nivel": "municipio", "codigo": "05234", "label": "Dabeiba", "area": 0.1599 }, "geometry": { "type": "Point", "coordinates": [ -76.37867, 6.94306 ] } },
{ "type": "Feature", "properties": { "nivel": "municipio", "codigo": "05237", "label": "Donmatías", "area": 0.0162 }, "geometry": { "type": "Point", "coordinates": [ -75.39416, 6.50366 ] } },
{ "type": "Feature", "properties": { "nivel": "municipio", "codigo": "05240", "label": "Ebéjico", "area": 0.0194 }, "geometry": { "type": "Point", "coordinates": [ -75.78379, 6.32302 ] } },
{ "type": "Feature", "properties": { "nivel": "municipio", "codigo": "05250", "label": "El Bagre", "area": 0.1279 }, "geometry": { "type": "Point", "coordinates": [ -74.62328, 7.69773 ] } },
{ "type": "Feature", "properties": { "nivel": "municipio", "codigo": "05264", "label": "Entrerríos", "area": 0.0175 }, "geometry": { "type": "Point", "coordinates": [ -75.56236, 6.5912 ] } },
{ "type": "Feature", "properties": { "nivel": "municipio", "codigo": "05266", "label": "Envigado", "area": 0.0065 }, "geometry": { "type": "Point", "coordinates": [ -75.55706, 6.14911 ] } },
{ "type": "Feature", "properties": { "nivel": "municipio", "codigo": "05282", "label": "Fredonia", "area": 0.0207 }, "geometry": { "type": "Point", "coordinates": [ -75.69119, 5.87568 ] } },
{ "type": "Feature", "properties": { "nivel": "municipio", "codigo": "05284", "label": "Frontino", "area": 0.113 }, "geometry": { "type": "Point", "coordinates": [ -76.34913, 6.7051 ] } },
{ "type": "Feature", "properties": { "nivel": "municipio", "codigo": "05306", "label": "Giraldo", "area": 0.0076 }, "geometry": { "type": "Point", "coordinates": [ -75.9421, 6.67202 ] } },
{ "type": "Feature", "properties": { "nivel": "municipio", "codigo": "05308", "label": "Girardota", "area": 0.0068 }, "geometry": { "type": "Point", "coordinates": [ -75.43985, 6.37595 ] } },
{ "type": "Feature", "properties": { "nivel": "municipio", "codigo": "05310", "label": "Gómez Plata", "area": 0.0272 }, "geometry": { "type": "Point", "coordinates": [ -75.18611, 6.71103 ] } },
{ "type": "Feature", "properties": { "nivel": "municipio", "codigo": "05313", "label": "Granada", "area": 0.0155 }, "geometry": { "type": "Point", "coordinates": [ -75.12797, 6.12471 ] } },
{ "type": "Feature", "properties": { "nivel": "municipio", "codigo": "05315", "label": "Guadalupe", "area": 0.0097 }, "geometry": { "type": "Point", "coordinates": [ -75.21836, 6.86293 ] } },
{ "type": "Feature", "properties": { "nivel": "municipio", "codigo": "05318", "label": "Guarne", "area": 0.0124 }, "geometry": { "type": "Point", "coordinates": [ -75.44166, 6.27223 ] } },
{ "type": "Feature", "properties": { "nivel": "municipio", "codigo": "05321", "label": "Guatapé", "area": 0.0068 }, "geometry": { "type": "Point", "coordinates": [ -75.16708, 6.25272 ] } },
{ "type": "Feature", "properties": { "nivel": "municipio", "codigo": "05347", "label": "Heliconia", "area": 0.0094 }, "geometry": { "type": "Point", "coordinates": [ -75.75249, 6.2062 ] } },
{ "type": "Feature", "properties": { "nivel": "municipio", "codigo": "05353", "label": "Hispania", "area": 0.0044 }, "geometry": { "type": "Point", "coordinates": [ -75.91491, 5.79757 ] } },
{ "type": "Feature", "properties": { "nivel": "municipio", "codigo": "05360", "label": "Itagüí", "area": 0.0016 }, "geometry": { "type": "Point", "coordinates": [ -75.61424, 6.17693 ] } },
{ "type": "Feature", "properties": { "nivel": "municipio", "codigo": "05361", "label": "Ituango", "area": 0.2324 }, "geometry": { "type": "Point", "coordinates": [ -75.92718, 7.32939 ] } },
{ "type": "Feature", "properties": { "nivel": "municipio", "codigo": "05364", "label": "Jardín", "area": 0.0164 }, "geometry": { "type": "Point", "coordinates": [ -75.8029, 5.56757 ] } },
{ "type": "Feature", "properties": { "nivel": "municipio", "codigo": "05368", "label": "Jericó", "area": 0.0167 }, "geometry": { "type": "Point", "coordinates": [ -75.76549, 5.76391 ] } },
{ "type": "Feature", "properties": { "nivel": "municipio", "codigo": "05376", "label": "La Ceja", "area": 0.0108 }, "geometry": { "type": "Point", "coordinates": [ -75.44794, 5.98437 ] } },
{ "type": "Feature", "properties": { "nivel": "municipio", "codigo": "05380", "label": "La Estrella", "area": 0.003 }, "geometry": { "type": "Point", "coordinates": [ -75.65227, 6.13895 ] } },
{ "type": "Feature", "properties": { "nivel": "municipio", "codigo": "05390", "label": "La Pintada", "area": 0.0044 }, "geometry": { "type": "Point", "coordinates": [ -75.59197, 5.74006 ] } },
{ "type": "Feature", "properties": { "nivel": "municipio", "codigo": "05400", "label": "La Unión", "area": 0.0137 }, "geometry": { "type": "Point", "coordinates": [ -75.36369, 5.95207 ] } },
{ "type": "Feature", "properties": { "nivel": "municipio", "codigo": "05411", "label": "Liborina", "area": 0.0177 }, "geometry": { "type": "Point", "coordinates": [ -75.78872, 6.72379 ] } },
{ "type": "Feature", "properties": { "nivel": "municipio", "codigo": "05425", "label": "Maceo", "area": 0.0372 }, "geometry": { "type": "Point", "coordinates": [ -74.73848, 6.52471 ] } },
{ "type": "Feature", "properties": { "nivel": "municipio", "codigo": "05440", "label": "Marinilla", "area": 0.0092 }, "geometry": { "type": "Point", "coordinates": [ -75.30541, 6.18697 ] } },
{ "type": "Feature", "properties": { "nivel": "municipio", "codigo": "05467", "label": "Montebello", "area": 0.0062 }, "geometry": { "type": "Point", "coordinates": [ -75.51245, 5.91776 ] } },
{ "type": "Feature", "properties": { "nivel": "municipio", "codigo": "05475", "label": "Murindó", "area": 0.1034 }, "geometry": { "type": "Point", "coordinates": [ -76.70391, 6.83166 ] } },
{ "type": "Feature", "properties": { "nivel": "municipio", "codigo": "05480", "label": "Mutatá", "area": 0.0879 }, "geometry": { "type": "Point", "coordinates": [ -76.48512, 7.34355 ] } },
{ "type": "Feature", "properties": { "nivel": "municipio", "codigo": "05483", "label": "Nariño", "area": 0.0258 }, "geometry": { "type": "Point", "coordinates": [ -75.19168, 5.55279 ] } },
{ "type": "Feature", "properties": { "nivel": "municipio", "codigo": "05490", "label": "Necoclí", "area": 0.1029 }, "geometry": { "type": "Point", "coordinates": [ -76.65097, 8.49126 ] } },
{ "type": "Feature", "properties": { "nivel": "municipio", "codigo": "05495", "label": "Nechí", "area": 0.0769 }, "geometry": { "type": "Point", "coordinates": [ -74.68232, 7.98487 ] } },
{ "type": "Feature", "properties": { "nivel": "municipio", "codigo": "05501", "label": "Olaya", "area": 0.0071 }, "geometry": { "type": "Point", "coordinates": [ -75.78404, 6.6017 ] } },
{ "type": "Feature", "properties": { "nivel": "municipio", "codigo": "05541", "label": "Peñol", "area": 0.0097 }, "geometry": { "type": "Point", "coordinates": [ -75.23386, 6.24125 ] } },
{ "type": "Feature", "properties": { "nivel": "municipio", "codigo": "05543", "label": "Peque", "area": 0.0355 }, "geometry": { "type": "Point", "coordinates": [ -75.87524, 7.04693 ] } },
{ "type": "Feature", "properties": { "nivel": "municipio", "codigo": "05576", "label": "Pueblorrico", "area": 0.0062 }, "geometry": { "type": "Point", "coordinates": [ -75.859, 5.81963 ] } },
{ "type": "Feature", "properties": { "nivel": "municipio", "codigo": "05579", "label": "Puerto Berrío", "area": 0.0997 }, "geometry": { "type": "Point", "coordinates": [ -74.51587, 6.50421 ] } },
{ "type": "Feature", "properties": { "nivel": "municipio", "codigo": "05585", "label": "Puerto Nare", "area": 0.0473 }, "geometry": { "type": "Point", "coordinates": [ -74.7103, 6.14068 ] } },
{ "type": "Feature", "properties": { "nivel": "municipio", "codigo": "05591", "label": "Puerto Triunfo", "area": 0.0302 }, "geometry": { "type": "Point", "coordinates": [ -74.71382, 5.95827 ] } },
{ "type": "Feature", "properties": { "nivel": "municipio", "codigo": "05604", "label": "Remedios", "area": 0.1609 }, "geometry": { "type": "Point", "coordinates": [ -74.55012, 6.98339 ] } },
{ "type": "Feature", "properties": { "nivel": "municipio", "codigo": "05607", "label": "Retiro", "area": 0.0198 }, "geometry": { "type": "Point", "coordinates": [ -75.51322, 6.06033 ] } },
{ "type": "Feature", "properties": { "nivel": "municipio", "codigo": "05615", "label": "Rionegro", "area": 0.016 }, "geometry": { "type": "Point", "coordinates": [ -75.4123, 6.14568 ] } },
{ "type": "Feature", "properties": { "nivel": "municipio", "codigo": "05628", "label": "Sabanalarga", "area": 0.0217 }, "geometry": { "type": "Point", "coordinates": [ -75.78177, 6.92097 ] } },
{ "type": "Feature", "properties": { "nivel": "municipio", "codigo": "05631", "label": "Sabaneta", "area": 0.0013 }, "geometry": { "type": "Point", "coordinates": [ -75.60971, 6.13799 ] } },
{ "type": "Feature", "properties": { "nivel": "municipio", "codigo": "05642", "label": "Salgar", "area": 0.0235 }, "geometry": { "type": "Point", "coordinates": [ -75.98692, 5.9663 ] } },
{ "type": "Feature", "properties": { "nivel": "municipio", "codigo": "05647", "label": "San Andrés de Cuerquía", "area": 0.0169 }, "geometry": { "type": "Point", "coordinates": [ -75.65785, 6.9073 ] } },
{ "type": "Feature", "properties": { "nivel": "municipio", "codigo": "05649", "label": "San Carlos", "area": 0.0586 }, "geometry": { "type": "Point", "coordinates": [ -74.94366, 6.19085 ] } },
{ "type": "Feature", "properties": { "nivel": "municipio", "codigo": "05652", "label": "San Francisco", "area": 0.0289 }, "geometry": { "type": "Point", "coordinates": [ -74.94641, 5.8741 ] } },
{ "type": "Feature", "properties": { "nivel": "municipio", "codigo": "05656", "label": "San Jerónimo", "area": 0.0124 }, "geometry": { "type": "Point", "coordinates": [ -75.7205, 6.43468 ] } },
{ "type": "Feature", "properties": { "nivel": "municipio", "codigo": "05658", "label": "San José de la Montaña", "area": 0.0103 }, "geometry": { "type": "Point", "coordinates": [ -75.67505, 6.81585 ] } },
{ "type": "Feature", "properties": { "nivel": "municipio", "codigo": "05659", "label": "San Juan de Urabá", "area": 0.0207 }, "geometry": { "type": "Point", "coordinates": [ -76.53577, 8.71081 ] } },
{ "type": "Feature", "properties": { "nivel": "municipio", "codigo": "05660", "label": "San Luis", "area": 0.0424 }, "geometry": { "type": "Point", "coordinates": [ -74.92981, 6.02107 ] } },
{ "type": "Feature", "properties": { "nivel": "municipio", "codigo": "05664", "label": "San Pedro de los Milagros", "area": 0.0192 }, "geometry": { "type": "Point", "coordinates": [ -75.57229, 6.45607 ] } },
{ "type": "Feature", "properties": { "nivel": "municipio", "codigo": "05665", "label": "San Pedro de Urabá", "area": 0.0494 }, "geometry": { "type": "Point", "coordinates": [ -76.33573, 8.3495 ] } },
{ "type": "Feature", "properties": { "nivel": "municipio", "codigo": "05667", "label": "San Rafael", "area": 0.0297 }, "geometry": { "type": "Point", "coordinates": [ -75.01391, 6.30788 ] } },
{ "type": "Feature", "properties": { "nivel": "municipio", "codigo": "05670", "label": "San Roque", "area": 0.0347 }, "geometry": { "type": "Point", "coordinates": [ -74.94072, 6.4313 ] } },
{ "type": "Feature", "properties": { "nivel": "municipio", "codigo": "05674", "label": "San Vicente Ferrer", "area": 0.0188 }, "geometry": { "type": "Point", "coordinates": [ -75.31173, 6.31126 ] } },
{ "type": "Feature", "properties": { "nivel": "municipio", "codigo": "05679", "label": "Santa Bárbara", "area": 0.016 }, "geometry": { "type": "Point", "coordinates": [ -75.57909, 5.86498 ] } },
{ "type": "Feature", "properties": { "nivel": "municipio", "codigo": "05686", "label": "Santa Rosa de Osos", "area": 0.0707 }, "geometry": { "type": "Point", "coordinates": [ -75.46867, 6.70381 ] } },
{ "type": "Feature", "properties": { "nivel": "municipio", "codigo": "05690", "label": "Santo Domingo", "area": 0.0217 }, "geometry": { "type": "Point", "coordinates": [ -75.16842, 6.47453 ] } },
{ "type": "Feature", "properties": { "nivel": "municipio", "codigo": "05697", "label": "El Santuario", "area": 0.0068 }, "geometry": { "type": "Point", "coordinates": [ -75.26406, 6.11444 ] } },
{ "type": "Feature", "properties": { "nivel": "municipio", "codigo": "05736", "label": "Segovia", "area": 0.0928 }, "geometry": { "type": "Point", "coordinates": [ -74.63502, 7.27165 ] } },
{ "type": "Feature", "properties": { "nivel": "municipio", "codigo": "05756", "label": "Sonsón", "area": 0.1099 }, "geometry": { "type": "Point", "coordinates": [ -75.31024, 5.69283 ] } },
{ "type": "Feature", "properties": { "nivel": "municipio", "codigo": "05761", "label": "Sopetrán", "area": 0.0179 }, "geometry": { "type": "Point", "coordinates": [ -75.72734, 6.51485 ] } },
{ "type": "Feature", "properties": { "nivel": "municipio", "codigo": "05789", "label": "Támesis", "area": 0.0206 }, "geometry": { "type": "Point", "coordinates": [ -75.73163, 5.67431 ] } },
{ "type": "Feature", "properties": { "nivel": "municipio", "codigo": "05790", "label": "Tarazá", "area": 0.0941 }, "geometry": { "type": "Point", "coordinates": [ -75.39957, 7.4884 ] } },
{ "type": "Feature", "properties": { "nivel": "municipio", "codigo": "05792", "label": "Tarso", "area": 0.0098 }, "geometry": { "type": "Point", "coordinates": [ -75.82392, 5.87389 ] } },
{ "type": "Feature", "properties": { "nivel": "municipio", "codigo": "05809", "label": "Titiribí", "area": 0.0115 }, "geometry": { "type": "Point", "coordinates": [ -75.80316, 6.06555 ] } },
{ "type": "Feature", "properties": { "nivel": "municipio", "codigo": "05819", "label": "Toledo", "area": 0.011 }, "geometry": { "type": "Point", "coordinates": [ -75.70451, 7.00761 ] } },
{ "type": "Feature", "properties": { "nivel": "municipio", "codigo": "05837", "label": "Turbo", "area": 0.2391 }, "geometry": { "type": "Point", "coordinates": [ -76.62798, 7.97232 ] } },
{ "type": "Feature", "properties": { "nivel": "municipio", "codigo": "05842", "label": "Uramita", "area": 0.0217 }, "geometry": { "type": "Point", "coordinates": [ -76.13855, 6.91236 ] } },
{ "type": "Feature", "properties": { "nivel": "municipio", "codigo": "05847", "label": "Urrao", "area": 0.2092 }, "geometry": { "type": "Point", "coordinates": [ -76.26332, 6.29579 ] } },
{ "type": "Feature", "properties": { "nivel": "municipio", "codigo": "05854", "label": "Valdivia", "area": 0.0465 }, "geometry": { "type": "Point", "coordinates": [ -75.36975, 7.24224 ] } },
{ "type": "Feature", "properties": { "nivel": "municipio", "codigo": "05856", "label": "Valparaíso", "area": 0.0103 }, "geometry": { "type": "Point", "coordinates": [ -75.61741, 5.66531 ] } },
{ "type": "Feature", "properties": { "nivel": "municipio", "codigo": "05858", "label": "Vegachí", "area": 0.0442 }, "geometry": { "type": "Point", "coordinates": [ -74.72407, 6.85943 ] } },
{ "type": "Feature", "properties": { "nivel": "municipio", "codigo": "05861", "label": "Venecia", "area": 0.0117 }, "geometry": { "type": "Point", "coordinates": [ -75.77631, 5.94604 ] } },
{ "type": "Feature", "properties": { "nivel": "municipio", "codigo": "05873", "label": "Vigía del Fuerte", "area": 0.1356 }, "geometry": { "type": "Point", "coordinates": [ -76.67772, 6.50357 ] } },
{ "type": "Feature", "properties": { "nivel": "municipio", "codigo": "05885", "label": "Yalí", "area": 0.0361 }, "geometry": { "type": "Point", "coordinates": [ -74.75305, 6.71812 ] } },
{ "type": "Feature", "properties": { "nivel": "municipio", "codigo": "05887", "label": "Yarumal", "area": 0.0583 }, "geometry": { "type": "Point", "coordinates": [ -75.42469, 7.00748 ] } },
{ "type": "Feature", "properties": { "nivel": "municipio", "codigo": "05890", "label": "Yolombó", "area": 0.0772 }, "geometry": { "type": "Point", "coordinates": [ -74.63114, 6.6685 ] } },
{ "type": "Feature", "properties": { "nivel": "municipio", "codigo": "05893", "label": "Yondó", "area": 0.1551 }, "geometry": { "type": "Point", "coordinates": [ -74.10776, 6.96257 ] } },
{ "type": "Feature", "properties": { "nivel": "municipio", "codigo": "05895", "label": "Zaragoza", "area": 0.0956 }, "geometry": { "type": "Point", "coordinates": [ -74.93019, 7.49462 ] } },
{ "type": "Feature", "properties": { "nivel": "municipio", "codigo": "08001", "label": "Barranquilla", "area": 0.0128 }, "geometry": { "type": "Point", "coordinates": [ -74.82327, 11.00963 ] } },
{ "type": "Feature", "properties": { "nivel": "municipio", "codigo": "08078", "label": "Baranoa", "area": 0.01 }, "geometry": { "type": "Point", "coordinates": [ -74.91722, 10.78168 ] } },
{ "type": "Feature", "properties": { "nivel": "municipio", "codigo": "08137", "label": "Campo de la Cruz", "area": 0.0083 }, "geometry": { "type": "Point", "coordinates": [ -74.85757, 10.41634 ] } },
{ "type": "Feature", "properties": { "nivel": "municipio", "codigo": "08141", "label": "Candelaria", "area": 0.0112 }, "geometry": { "type": "Point", "coordinates": [ -74.86985, 10.48751 ] } },
{ "type": "Feature", "properties": { "nivel": "municipio", "codigo": "08296", "label": "Galapa", "area": 0.0081 }, "geometry": { "type": "Point", "coordinates": [ -74.8822, 10.89771 ] } },
{ "type": "Feature", "properties": { "nivel": "municipio", "codigo": "08372", "label": "Juan de Acosta", "area": 0.0139 }, "geometry": { "type": "Point", "coordinates": [ -75.0899, 10.82696 ] } },
{ "type": "Feature", "properties": { "nivel": "municipio", "codigo": "08421", "label": "Luruaco", "area": 0.0185 }, "geometry": { "type": "Point", "coordinates": [ -75.13989, 10.63012 ] } },
{ "type": "Feature", "properties": { "nivel": "municipio", "codigo": "08433", "label": "Malambo", "area": 0.0081 }, "geometry": { "type": "Point", "coordinates": [ -74.80609, 10.85192 ] } },
{ "type": "Feature", "properties": { "nivel": "municipio", "codigo": "08436", "label": "Manatí", "area": 0.0177 }, "geometry": { "type": "Point", "coordinates": [ -74.98924, 10.45635 ] } },
{ "type": "Feature", "properties": { "nivel": "municipio", "codigo": "08520", "label": "Palmar de Varela", "area": 0.0076 }, "geometry": { "type": "Point", "coordinates": [ -74.76973, 10.69971 ] } },
{ "type": "Feature", "properties": { "nivel": "municipio", "codigo": "08549", "label": "Piojó", "area": 0.0217 }, "geometry": { "type": "Point", "coordinates": [ -75.13706, 10.74278 ] } },
{ "type": "Feature", "properties": { "nivel": "municipio", "codigo": "08558", "label": "Polonuevo", "area": 0.0061 }, "geometry": { "type": "Point", "coordinates": [ -74.86031, 10.76019 ] } },
{ "type": "Feature", "properties": { "nivel": "municipio", "codigo": "08560", "label": "Ponedera", "area": 0.0171 }, "geometry": { "type": "Point", "coordinates": [ -74.78338, 10.60449 ] } },
{ "type": "Feature", "properties": { "nivel": "municipio", "codigo": "08573", "label": "Puerto Colombia", "area": 0.0057 }, "geometry": { "type": "Point", "coordinates": [ -74.91592, 10.99679 ] } },
{ "type": "Feature", "properties": { "nivel": "municipio", "codigo": "08606", "label": "Repelón", "area": 0.0298 }, "geometry": { "type": "Point", "coordinates": [ -75.13353, 10.5031 ] } },
{ "type": "Feature", "properties": { "nivel": "municipio", "codigo": "08634", "label": "Sabanagrande", "area": 0.0036 }, "geometry": { "type": "Point", "coordinates": [ -74.77553, 10.80253 ] } },
{ "type": "Feature", "properties": { "nivel": "municipio", "codigo": "08638", "label": "Sabanalarga", "area": 0.0327 }, "geometry": { "type": "Point", "coordinates": [ -74.9505, 10.62114 ] } },
{ "type": "Feature", "properties": { "nivel": "municipio", "codigo": "08675", "label": "Santa Lucía", "area": 0.0047 }, "geometry": { "type": "Point", "coordinates": [ -74.95836, 10.34226 ] } },
{ "type": "Feature", "properties": { "nivel": "municipio", "codigo": "08685", "label": "Santo Tomás", "area": 0.0054 }, "geometry": { "type": "Point", "coordinates": [ -74.80685, 10.73455 ] } },
{ "type": "Feature", "properties": { "nivel": "municipio", "codigo": "08758", "label": "Soledad", "area": 0.0049 }, "geometry": { "type": "Point", "coordinates": [ -74.77339, 10.90993 ] } },
{ "type": "Feature", "properties": { "nivel": "municipio", "codigo": "08770", "label": "Suan", "area": 0.0035 }, "geometry": { "type": "Point", "coordinates": [ -74.91437, 10.30367 ] } },
{ "type": "Feature", "properties": { "nivel": "municipio", "codigo": "08832", "label": "Tubará", "area": 0.0151 }, "geometry": { "type": "Point", "coordinates": [ -74.9881, 10.89796 ] } },
{ "type": "Feature", "properties": { "nivel": "municipio", "codigo": "08849", "label": "Usiacurí", "area": 0.0084 }, "geometry": { "type": "Point", "coordinates": [ -74.98251, 10.73622 ] } },
{ "type": "Feature", "properties": { "nivel": "municipio", "codigo": "11001", "label": "Bogotá, D.C.", "area": 0.1322 }, "geometry": { "type": "Point", "coordinates": [ -74.17478, 4.28389 ] } },
{ "type": "Feature", "properties": { "nivel": "municipio", "codigo": "13001", "label": "Cartagena de Indias", "area": 0.0493 }, "geometry": { "type": "Point", "coordinates": [ -75.49075, 10.41674 ] } },
{ "type": "Feature", "properties": { "nivel": "municipio", "codigo": "13006", "label": "Achí", "area": 0.0782 }, "geometry": { "type": "Point", "coordinates": [ -74.45938, 8.60294 ] } },
{ "type": "Feature", "properties": { "nivel": "municipio", "codigo": "13030", "label": "Altos del Rosario", "area": 0.025 }, "geometry": { "type": "Point", "coordinates": [ -74.2038, 8.74447 ] } },
{ "type": "Feature", "properties": { "nivel": "municipio", "codigo": "13042", "label": "Arenal", "area": 0.0379 }, "geometry": { "type": "Point", "coordinates": [ -74.18064, 8.3209 ] } },
{ "type": "Feature", "properties": { "nivel": "municipio", "codigo": "13052", "label": "Arjona", "area": 0.0484 }, "geometry": { "type": "Point", "coordinates": [ -75.35583, 10.17785 ] } },
{ "type": "Feature", "properties": { "nivel": "municipio", "codigo": "13062", "label": "Arroyohondo", "area": 0.0135 }, "geometry": { "type": "Point", "coordinates": [ -75.02859, 10.24333 ] } },
{ "type": "Feature", "properties": { "nivel": "municipio", "codigo": "13074", "label": "Barranco de Loba", "area": 0.0354 }, "geometry": { "type": "Point", "coordinates": [ -74.24124, 8.80446 ] } },
{ "type": "Feature", "properties": { "nivel": "municipio", "codigo": "13140", "label": "Calamar", "area": 0.0211 }, "geometry": { "type": "Point", "coordinates": [ -74.9378, 10.23394 ] } },
{ "type": "Feature", "properties": { "nivel": "municipio", "codigo": "13160", "label": "Cantagallo", "area": 0.0722 }, "geometry": { "type": "Point", "coordinates": [ -74.1462, 7.21621 ] } },
{ "type": "Feature", "properties": { "nivel": "municipio", "codigo": "13188", "label": "Cicuco", "area": 0.011 }, "geometry": { "type": "Point", "coordinates": [ -74.69298, 9.23674 ] } },
{ "type": "Feature", "properties": { "nivel": "municipio", "codigo": "13212", "label": "Córdoba", "area": 0.0492 }, "geometry": { "type": "Point", "coordinates": [ -74.89901, 9.5346 ] } },
{ "type": "Feature", "properties": { "nivel": "municipio", "codigo": "13222", "label": "Clemencia", "area": 0.007 }, "geometry": { "type": "Point", "coordinates": [ -75.33013, 10.56193 ] } },
{ "type": "Feature", "properties": { "nivel": "municipio", "codigo": "13244", "label": "El Carmen de Bolívar", "area": 0.0779 }, "geometry": { "type": "Point", "coordinates": [ -75.16508, 9.70377 ] } },
{ "type": "Feature", "properties": { "nivel": "municipio", "codigo": "13248", "label": "El Guamo", "area": 0.0316 }, "geometry": { "type": "Point", "coordinates": [ -74.93579, 10.03575 ] } },
{ "type": "Feature", "properties": { "nivel": "municipio", "codigo": "13268", "label": "El Peñón", "area": 0.0262 }, "geometry": { "type": "Point", "coordinates": [ -73.90327, 8.85971 ] } },
{ "type": "Feature", "properties": { "nivel": "municipio", "codigo": "13300", "label": "Hatillo de Loba", "area": 0.016 }, "geometry": { "type": "Point", "coordinates": [ -74.04749, 8.99194 ] } },
{ "type": "Feature", "properties": { "nivel": "municipio", "codigo": "13430", "label": "Magangué", "area": 0.0929 }, "geometry": { "type": "Point", "coordinates": [ -74.79535, 9.14155 ] } },
{ "type": "Feature", "properties": { "nivel": "municipio", "codigo": "13433", "label": "Mahates", "area": 0.0357 }, "geometry": { "type": "Point", "coordinates": [ -75.19454, 10.16794 ] } },
{ "type": "Feature", "properties": { "nivel": "municipio", "codigo": "13440", "label": "Margarita", "area": 0.0241 }, "geometry": { "type": "Point", "coordinates": [ -74.22187, 9.06112 ] } },
{ "type": "Feature", "properties": { "nivel": "municipio", "codigo": "13442", "label": "María la Baja", "area": 0.0463 }, "geometry": { "type": "Point", "coordinates": [ -75.34819, 9.96095 ] } },
{ "type": "Feature", "properties": { "nivel": "municipio", "codigo": "13458", "label": "Montecristo", "area": 0.1716 }, "geometry": { "type": "Point", "coordinates": [ -74.4064, 7.93024 ] } },
{ "type": "Feature", "properties": { "nivel": "municipio", "codigo": "13468", "label": "Santa Cruz de Mompox", "area": 0.0536 }, "geometry": { "type": "Point", "coordinates": [ -74.56543, 9.14594 ] } },
{ "type": "Feature", "properties": { "nivel": "municipio", "codigo": "13473", "label": "Morales", "area": 0.1106 }, "geometry": { "type": "Point", "coordinates": [ -73.96411, 8.26876 ] } },
{ "type": "Feature", "properties": { "nivel": "municipio", "codigo": "13490", "label": "Norosí", "area": 0.0342 }, "geometry": { "type": "Point", "coordinates": [ -74.11218, 8.49315 ] } },
{ "type": "Feature", "properties": { "nivel": "municipio", "codigo": "13549", "label": "Pinillos", "area": 0.0637 }, "geometry": { "type": "Point", "coordinates": [ -74.40413, 8.86423 ] } },
{ "type": "Feature", "properties": { "nivel": "municipio", "codigo": "13580", "label": "Regidor", "area": 0.0151 }, "geometry": { "type": "Point", "coordinates": [ -73.84209, 8.72554 ] } },
{ "type": "Feature", "properties": { "nivel": "municipio", "codigo": "13600", "label": "Río Viejo", "area": 0.0694 }, "geometry": { "type": "Point", "coordinates": [ -73.78639, 8.43113 ] } },
{ "type": "Feature", "properties": { "nivel": "municipio", "codigo": "13620", "label": "San Cristóbal", "area": 0.0035 }, "geometry": { "type": "Point", "coordinates": [ -75.07607, 10.37424 ] } },
{ "type": "Feature", "properties": { "nivel": "municipio", "codigo": "13647", "label": "San Estanislao", "area": 0.0175 }, "geometry": { "type": "Point", "coordinates": [ -75.21074, 10.36651 ] } },
{ "type": "Feature", "properties": { "nivel": "municipio", "codigo": "13650", "label": "San Fernando", "area": 0.0261 }, "geometry": { "type": "Point", "coordinates": [ -74.37849, 9.10783 ] } },
{ "type": "Feature", "properties": { "nivel": "municipio", "codigo": "13654", "label": "San Jacinto", "area": 0.0365 }, "geometry": { "type": "Point", "coordinates": [ -75.08558, 9.84012 ] } },
{ "type": "Feature", "properties": { "nivel": "municipio", "codigo": "13655", "label": "San Jacinto del Cauca", "area": 0.0468 }, "geometry": { "type": "Point", "coordinates": [ -74.73226, 8.2299 ] } },
{ "type": "Feature", "properties": { "nivel": "municipio", "codigo": "13657", "label": "San Juan Nepomuceno", "area": 0.052 }, "geometry": { "type": "Point", "coordinates": [ -75.11474, 9.98854 ] } },
{ "type": "Feature", "properties": { "nivel": "municipio", "codigo": "13667", "label": "San Martín de Loba", "area": 0.037 }, "geometry": { "type": "Point", "coordinates": [ -74.0052, 8.81106 ] } },
{ "type": "Feature", "properties": { "nivel": "municipio", "codigo": "13670", "label": "San Pablo", "area": 0.1655 }, "geometry": { "type": "Point", "coordinates": [ -74.2448, 7.36167 ] } },
{ "type": "Feature", "properties": { "nivel": "municipio", "codigo": "13673", "label": "Santa Catalina", "area": 0.0136 }, "geometry": { "type": "Point", "coordinates": [ -75.26595, 10.64303 ] } },
{ "type": "Feature", "properties": { "nivel": "municipio", "codigo": "13683", "label": "Santa Rosa", "area": 0.0128 }, "geometry": { "type": "Point", "coordinates": [ -75.35313, 10.47241 ] } },
{ "type": "Feature", "properties": { "nivel": "municipio", "codigo": "13688", "label": "Santa Rosa del Sur", "area": 0.1953 }, "geometry": { "type": "Point", "coordinates": [ -74.30152, 7.76108 ] } },
{ "type": "Feature", "properties": { "nivel": "municipio", "codigo": "13744", "label": "Simití", "area": 0.1111 }, "geometry": { "type": "Point", "coordinates": [ -73.93788, 7.87597 ] } },
{ "type": "Feature", "properties": { "nivel": "municipio", "codigo": "13760", "label": "Soplaviento", "area": 0.0076 }, "geometry": { "type": "Point", "coordinates": [ -75.11511, 10.34057 ] } },
{ "type": "Feature", "properties": { "nivel": "municipio", "codigo": "13780", "label": "Talaigua Nuevo", "area": 0.0205 }, "geometry": { "type": "Point", "coordinates": [ -74.6206, 9.3087 ] } },
{ "type": "Feature", "properties": { "nivel": "municipio", "codigo": "13810", "label": "Tiquisio", "area": 0.0626 }, "geometry": { "type": "Point", "coordinates": [ -74.29642, 8.4705 ] } },
{ "type": "Feature", "properties": { "nivel": "municipio", "codigo": "13836", "label": "Turbaco", "area": 0.0167 }, "geometry": { "type": "Point", "coordinates": [ -75.37359, 10.34855 ] } },
{ "type": "Feature", "properties": { "nivel": "municipio", "codigo": "13838", "label": "Turbana", "area": 0.0158 }, "geometry": { "type": "Point", "coordinates": [ -75.47758, 10.20369 ] } },
{ "type": "Feature", "properties": { "nivel": "municipio", "codigo": "13873", "label": "Villanueva", "area": 0.011 }, "geometry": { "type": "Point", "coordinates": [ -75.25562, 10.44489 ] } },
{ "type": "Feature", "properties": { "nivel": "municipio", "codigo": "13894", "label": "Zambrano", "area": 0.0255 }, "geometry": { "type": "Point", "coordinates": [ -74.88, 9.76195 ] } },
{ "type": "Feature", "properties": { "nivel": "municipio", "codigo": "15001", "label": "Tunja", "area": 0.0098 }, "geometry": { "type": "Point", "coordinates": [ -73.37941, 5.51528 ] } },
{ "type": "Feature", "properties": { "nivel": "municipio", "codigo": "15022", "label": "Almeida", "area": 0.0047 }, "geometry": { "type": "Point", "coordinates": [ -73.37845, 4.96011 ] } },
{ "type": "Feature", "properties": { "nivel": "municipio", "codigo": "15047", "label": "Aquitania", "area": 0.0769 }, "geometry": { "type": "Point", "coordinates": [ -72.89436, 5.4206 ] } },
{ "type": "Feature", "properties": { "nivel": "municipio", "codigo": "15051", "label": "Arcabuco", "area": 0.0113 }, "geometry": { "type": "Point", "coordinates": [ -73.45155, 5.75528 ] } },
{ "type": "Feature", "properties": { "nivel": "municipio", "codigo": "15087", "label": "Belén", "area": 0.0133 }, "geometry": { "type": "Point", "coordinates": [ -72.91744, 6.01674 ] } },
{ "type": "Feature", "properties": { "nivel": "municipio", "codigo": "15090", "label": "Berbeo", "area": 0.0047 }, "geometry": { "type": "Point", "coordinates": [ -73.12538, 5.23029 ] } },
{ "type": "Feature", "properties": { "nivel": "municipio", "codigo": "15092", "label": "Betéitiva", "area": 0.0083 }, "geometry": { "type": "Point", "coordinates": [ -72.85848, 5.92151 ] } },
{ "type": "Feature", "properties": { "nivel": "municipio", "codigo": "15097", "label": "Boavita", "area": 0.0119 }, "geometry": { "type": "Point", "coordinates": [ -72.60932, 6.33166 ] } },
{ "type": "Feature", "properties": { "nivel": "municipio", "codigo": "15104", "label": "Boyacá", "area": 0.0039 }, "geometry": { "type": "Point", "coordinates": [ -73.37844, 5.44025 ] } },
{ "type": "Feature", "properties": { "nivel": "municipio", "codigo": "15106", "label": "Briceño", "area": 0.0053 }, "geometry": { "type": "Point", "coordinates": [ -73.91851, 5.67879 ] } },
{ "type": "Feature", "properties": { "nivel": "municipio", "codigo": "15109", "label": "Buenavista", "area": 0.009 }, "geometry": { "type": "Point", "coordinates": [ -73.95708, 5.48712 ] } },
{ "type": "Feature", "properties": { "nivel": "municipio", "codigo": "15114", "label": "Busbanzá", "area": 0.0021 }, "geometry": { "type": "Point", "coordinates": [ -72.87497, 5.84345 ] } },
{ "type": "Feature", "properties": { "nivel": "municipio", "codigo": "15131", "label": "Caldas", "area": 0.0064 }, "geometry": { "type": "Point", "coordinates": [ -73.88371, 5.57568 ] } },
{ "type": "Feature", "properties": { "nivel": "municipio", "codigo": "15135", "label": "Campohermoso", "area": 0.0244 }, "geometry": { "type": "Point", "coordinates": [ -73.12046, 5.00375 ] } },
{ "type": "Feature", "properties": { "nivel": "municipio", "codigo": "15162", "label": "Cerinza", "area": 0.0052 }, "geometry": { "type": "Point", "coordinates": [ -72.96774, 5.97106 ] } },
{ "type": "Feature", "properties": { "nivel": "municipio", "codigo": "15172", "label": "Chinavita", "area": 0.0111 }, "geometry": { "type": "Point", "coordinates": [ -73.33991, 5.20967 ] } },
{ "type": "Feature", "properties": { "nivel": "municipio", "codigo": "15176", "label": "Chiquinquirá", "area": 0.0135 }, "geometry": { "type": "Point", "coordinates": [ -73.7723, 5.62716 ] } },
{ "type": "Feature", "properties": { "nivel": "municipio", "codigo": "15180", "label": "Chiscas", "area": 0.0538 }, "geometry": { "type": "Point", "coordinates": [ -72.40934, 6.67368 ] } },
{ "type": "Feature", "properties": { "nivel": "municipio", "codigo": "15183", "label": "Chita", "area": 0.0553 }, "geometry": { "type": "Point", "coordinates": [ -72.45029, 6.0977 ] } },
{ "type": "Feature", "properties": { "nivel": "municipio", "codigo": "15185", "label": "Chitaraque", "area": 0.0129 }, "geometry": { "type": "Point", "coordinates": [ -73.43208, 5.98408 ] } },
{ "type": "Feature", "properties": { "nivel": "municipio", "codigo": "15187", "label": "Chivatá", "area": 0.004 }, "geometry": { "type": "Point", "coordinates": [ -73.24814, 5.58002 ] } },
{ "type": "Feature", "properties": { "nivel": "municipio", "codigo": "15189", "label": "Ciénega", "area": 0.0044 }, "geometry": { "type": "Point", "coordinates": [ -73.27485, 5.39979 ] } },
{ "type": "Feature", "properties": { "nivel": "municipio", "codigo": "15204", "label": "Cómbita", "area": 0.0113 }, "geometry": { "type": "Point", "coordinates": [ -73.30381, 5.68201 ] } },
{ "type": "Feature", "properties": { "nivel": "municipio", "codigo": "15212", "label": "Coper", "area": 0.0122 }, "geometry": { "type": "Point", "coordinates": [ -74.02254, 5.44769 ] } },
{ "type": "Feature", "properties": { "nivel": "municipio", "codigo": "15215", "label": "Corrales", "area": 0.005 }, "geometry": { "type": "Point", "coordinates": [ -72.84031, 5.82371 ] } },
{ "type": "Feature", "properties": { "nivel": "municipio", "codigo": "15218", "label": "Covarachía", "area": 0.0084 }, "geometry": { "type": "Point", "coordinates": [ -72.73136, 6.51133 ] } },
{ "type": "Feature", "properties": { "nivel": "municipio", "codigo": "15223", "label": "Cubará", "area": 0.0945 }, "geometry": { "type": "Point", "coordinates": [ -72.25842, 6.87133 ] } },
{ "type": "Feature", "properties": { "nivel": "municipio", "codigo": "15224", "label": "Cucaita", "area": 0.0034 }, "geometry": { "type": "Point", "coordinates": [ -73.44855, 5.52557 ] } },
{ "type": "Feature", "properties": { "nivel": "municipio", "codigo": "15226", "label": "Cuítiva", "area": 0.0036 }, "geometry": { "type": "Point", "coordinates": [ -72.94923, 5.58694 ] } },
{ "type": "Feature", "properties": { "nivel": "municipio", "codigo": "15232", "label": "Chíquiza", "area": 0.0095 }, "geometry": { "type": "Point", "coordinates": [ -73.44237, 5.637 ] } },
{ "type": "Feature", "properties": { "nivel": "municipio", "codigo": "15236", "label": "Chivor", "area": 0.0089 }, "geometry": { "type": "Point", "coordinates": [ -73.35469, 4.85994 ] } },
{ "type": "Feature", "properties": { "nivel": "municipio", "codigo": "15238", "label": "Duitama", "area": 0.0191 }, "geometry": { "type": "Point", "coordinates": [ -73.06876, 5.89678 ] } },
{ "type": "Feature", "properties": { "nivel": "municipio", "codigo": "15244", "label": "El Cocuy", "area": 0.0195 }, "geometry": { "type": "Point", "coordinates": [ -72.41488, 6.35522 ] } },
{ "type": "Feature", "properties": { "nivel": "municipio", "codigo": "15248", "label": "El Espino", "area": 0.0057 }, "geometry": { "type": "Point", "coordinates": [ -72.479, 6.50692 ] } },
{ "type": "Feature", "properties": { "nivel": "municipio", "codigo": "15272", "label": "Firavitoba", "area": 0.0089 }, "geometry": { "type": "Point", "coordinates": [ -73.0211, 5.67564 ] } },
{ "type": "Feature", "properties": { "nivel": "municipio", "codigo": "15276", "label": "Floresta", "area": 0.0072 }, "geometry": { "type": "Point", "coordinates": [ -72.93237, 5.86209 ] } },
{ "type": "Feature", "properties": { "nivel": "municipio", "codigo": "15293", "label": "Gachantivá", "area": 0.0072 }, "geometry": { "type": "Point", "coordinates": [ -73.53484, 5.74125 ] } },
{ "type": "Feature", "properties": { "nivel": "municipio", "codigo": "15296", "label": "Gámeza", "area": 0.0101 }, "geometry": { "type": "Point", "coordinates": [ -72.74903, 5.81023 ] } },
{ "type": "Feature", "properties": { "nivel": "municipio", "codigo": "15299", "label": "Garagoa", "area": 0.0158 }, "geometry": { "type": "Point", "coordinates": [ -73.31632, 5.08775 ] } },
{ "type": "Feature", "properties": { "nivel": "municipio", "codigo": "15317", "label": "Guacamayas", "area": 0.0047 }, "geometry": { "type": "Point", "coordinates": [ -72.51591, 6.44317 ] } },
{ "type": "Feature", "properties": { "nivel": "municipio", "codigo": "15322", "label": "Guateque", "area": 0.0029 }, "geometry": { "type": "Point", "coordinates": [ -73.49441, 5.02256 ] } },
{ "type": "Feature", "properties": { "nivel": "municipio", "codigo": "15325", "label": "Guayatá", "area": 0.0081 }, "geometry": { "type": "Point", "coordinates": [ -73.50066, 4.93771 ] } },
{ "type": "Feature", "properties": { "nivel": "municipio", "codigo": "15332", "label": "Güicán de la Sierra", "area": 0.0778 }, "geometry": { "type": "Point", "coordinates": [ -72.23905, 6.56052 ] } },
{ "type": "Feature", "properties": { "nivel": "municipio", "codigo": "15362", "label": "Iza", "area": 0.0028 }, "geometry": { "type": "Point", "coordinates": [ -72.96071, 5.61924 ] } },
{ "type": "Feature", "properties": { "nivel": "municipio", "codigo": "15367", "label": "Jenesano", "area": 0.0048 }, "geometry": { "type": "Point", "coordinates": [ -73.39178, 5.37331 ] } },
{ "type": "Feature", "properties": { "nivel": "municipio", "codigo": "15368", "label": "Jericó", "area": 0.0107 }, "geometry": { "type": "Point", "coordinates": [ -72.58335, 6.13833 ] } },
{ "type": "Feature", "properties": { "nivel": "municipio", "codigo": "15377", "label": "Labranzagrande", "area": 0.0474 }, "geometry": { "type": "Point", "coordinates": [ -72.57335, 5.54582 ] } },
{ "type": "Feature", "properties": { "nivel": "municipio", "codigo": "15380", "label": "La Capilla", "area": 0.0046 }, "geometry": { "type": "Point", "coordinates": [ -73.45818, 5.11067 ] } },
{ "type": "Feature", "properties": { "nivel": "municipio", "codigo": "15401", "label": "La Victoria", "area": 0.0023 }, "geometry": { "type": "Point", "coordinates": [ -74.23575, 5.51568 ] } },
{ "type": "Feature", "properties": { "nivel": "municipio", "codigo": "15403", "label": "La Uvita", "area": 0.0132 }, "geometry": { "type": "Point", "coordinates": [ -72.543, 6.26506 ] } },
{ "type": "Feature", "properties": { "nivel": "municipio", "codigo": "15407", "label": "Villa de Leyva", "area": 0.0103 }, "geometry": { "type": "Point", "coordinates": [ -73.53226, 5.6623 ] } },
{ "type": "Feature", "properties": { "nivel": "municipio", "codigo": "15425", "label": "Macanal", "area": 0.0163 }, "geometry": { "type": "Point", "coordinates": [ -73.28551, 4.98114 ] } },
{ "type": "Feature", "properties": { "nivel": "municipio", "codigo": "15442", "label": "Maripí", "area": 0.0131 }, "geometry": { "type": "Point", "coordinates": [ -74.02088, 5.57316 ] } },
{ "type": "Feature", "properties": { "nivel": "municipio", "codigo": "15455", "label": "Miraflores", "area": 0.0211 }, "geometry": { "type": "Point", "coordinates": [ -73.16844, 5.15153 ] } },
{ "type": "Feature", "properties": { "nivel": "municipio", "codigo": "15464", "label": "Mongua", "area": 0.0294 }, "geometry": { "type": "Point", "coordinates": [ -72.68566, 5.69833 ] } },
{ "type": "Feature", "properties": { "nivel": "municipio", "codigo": "15466", "label": "Monguí", "area": 0.0056 }, "geometry": { "type": "Point", "coordinates": [ -72.8357, 5.6975 ] } },
{ "type": "Feature", "properties": { "nivel": "municipio", "codigo": "15469", "label": "Moniquirá", "area": 0.0178 }, "geometry": { "type": "Point", "coordinates": [ -73.54492, 5.86968 ] } },
{ "type": "Feature", "properties": { "nivel": "municipio", "codigo": "15476", "label": "Motavita", "area": 0.0049 }, "geometry": { "type": "Point", "coordinates": [ -73.38274, 5.61418 ] } },
{ "type": "Feature", "properties": { "nivel": "municipio", "codigo": "15480", "label": "Muzo", "area": 0.0113 }, "geometry": { "type": "Point", "coordinates": [ -74.09351, 5.51922 ] } },
{ "type": "Feature", "properties": { "nivel": "municipio", "codigo": "15491", "label": "Nobsa", "area": 0.0045 }, "geometry": { "type": "Point", "coordinates": [ -72.92628, 5.77623 ] } },
{ "type": "Feature", "properties": { "nivel": "municipio", "codigo": "15494", "label": "Nuevo Colón", "area": 0.0042 }, "geometry": { "type": "Point", "coordinates": [ -73.45112, 5.35257 ] } },
{ "type": "Feature", "properties": { "nivel": "municipio", "codigo": "15500", "label": "Oicatá", "area": 0.0049 }, "geometry": { "type": "Point", "coordinates": [ -73.27492, 5.61715 ] } },
{ "type": "Feature", "properties": { "nivel": "municipio", "codigo": "15507", "label": "Otanche", "area": 0.0388 }, "geometry": { "type": "Point", "coordinates": [ -74.22031, 5.74393 ] } },
{ "type": "Feature", "properties": { "nivel": "municipio", "codigo": "15511", "label": "Pachavita", "area": 0.0054 }, "geometry": { "type": "Point", "coordinates": [ -73.40519, 5.15081 ] } },
{ "type": "Feature", "properties": { "nivel": "municipio", "codigo": "15514", "label": "Páez", "area": 0.0276 }, "geometry": { "type": "Point", "coordinates": [ -72.98832, 5.09438 ] } },
{ "type": "Feature", "properties": { "nivel": "municipio", "codigo": "15516", "label": "Paipa", "area": 0.0249 }, "geometry": { "type": "Point", "coordinates": [ -73.10746, 5.83103 ] } },
{ "type": "Feature", "properties": { "nivel": "municipio", "codigo": "15518", "label": "Pajarito", "area": 0.0256 }, "geometry": { "type": "Point", "coordinates": [ -72.68984, 5.38018 ] } },
{ "type": "Feature", "properties": { "nivel": "municipio", "codigo": "15522", "label": "Panqueba", "area": 0.0032 }, "geometry": { "type": "Point", "coordinates": [ -72.45436, 6.44291 ] } },
{ "type": "Feature", "properties": { "nivel": "municipio", "codigo": "15531", "label": "Pauna", "area": 0.0206 }, "geometry": { "type": "Point", "coordinates": [ -73.99283, 5.69282 ] } },
{ "type": "Feature", "properties": { "nivel": "municipio", "codigo": "15533", "label": "Paya", "area": 0.0362 }, "geometry": { "type": "Point", "coordinates": [ -72.38424, 5.62586 ] } },
{ "type": "Feature", "properties": { "nivel": "municipio", "codigo": "15537", "label": "Paz de Río", "area": 0.01 }, "geometry": { "type": "Point", "coordinates": [ -72.76369, 6.02722 ] } },
{ "type": "Feature", "properties": { "nivel": "municipio", "codigo": "15542", "label": "Pesca", "area": 0.0215 }, "geometry": { "type": "Point", "coordinates": [ -73.09587, 5.49686 ] } },
{ "type": "Feature", "properties": { "nivel": "municipio", "codigo": "15550", "label": "Pisba", "area": 0.0379 }, "geometry": { "type": "Point", "coordinates": [ -72.44009, 5.73 ] } },
{ "type": "Feature", "properties": { "nivel": "municipio", "codigo": "15572", "label": "Puerto Boyacá", "area": 0.1236 }, "geometry": { "type": "Point", "coordinates": [ -74.40908, 6.00433 ] } },
{ "type": "Feature", "properties": { "nivel": "municipio", "codigo": "15580", "label": "Quípama", "area": 0.0137 }, "geometry": { "type": "Point", "coordinates": [ -74.17938, 5.54933 ] } },
{ "type": "Feature", "properties": { "nivel": "municipio", "codigo": "15599", "label": "Ramiriquí", "area": 0.0103 }, "geometry": { "type": "Point", "coordinates": [ -73.30417, 5.32839 ] } },
{ "type": "Feature", "properties": { "nivel": "municipio", "codigo": "15600", "label": "Ráquira", "area": 0.018 }, "geometry": { "type": "Point", "coordinates": [ -73.62131, 5.49726 ] } },
{ "type": "Feature", "properties": { "nivel": "municipio", "codigo": "15621", "label": "Rondón", "area": 0.0168 }, "geometry": { "type": "Point", "coordinates": [ -73.18055, 5.38324 ] } },
{ "type": "Feature", "properties": { "nivel": "municipio", "codigo": "15632", "label": "Saboyá", "area": 0.0203 }, "geometry": { "type": "Point", "coordinates": [ -73.7431, 5.70449 ] } },
{ "type": "Feature", "properties": { "nivel": "municipio", "codigo": "15638", "label": "Sáchica", "area": 0.0052 }, "geometry": { "type": "Point", "coordinates": [ -73.53949, 5.57709 ] } },
{ "type": "Feature", "properties": { "nivel": "municipio", "codigo": "15646", "label": "Samacá", "area": 0.0137 }, "geometry": { "type": "Point", "coordinates": [ -73.4978, 5.47892 ] } },
{ "type": "Feature", "properties": { "nivel": "municipio", "codigo": "15660", "label": "San Eduardo", "area": 0.0089 }, "geometry": { "type": "Point", "coordinates": [ -73.05107, 5.23697 ] } },
{ "type": "Feature", "properties": { "nivel": "municipio", "codigo": "15664", "label": "San José de Pare", "area": 0.0061 }, "geometry": { "type": "Point", "coordinates": [ -73.53664, 6.00064 ] } },
{ "type": "Feature", "properties": { "nivel": "municipio", "codigo": "15667", "label": "San Luis de Gaceno", "area": 0.0383 }, "geometry": { "type": "Point", "coordinates": [ -73.13811, 4.8264 ] } },
{ "type": "Feature", "properties": { "nivel": "municipio", "codigo": "15673", "label": "San Mateo", "area": 0.0101 }, "geometry": { "type": "Point", "coordinates": [ -72.57512, 6.41533 ] } },
{ "type": "Feature", "properties": { "nivel": "municipio", "codigo": "15676", "label": "San Miguel de Sema", "area": 0.0077 }, "geometry": { "type": "Point", "coordinates": [ -73.7488, 5.5331 ] } },
{ "type": "Feature", "properties": { "nivel": "municipio", "codigo": "15681", "label": "San Pablo de Borbur", "area": 0.016 }, "geometry": { "type": "Point", "coordinates": [ -74.11103, 5.67758 ] } },
{ "type": "Feature", "properties": { "nivel": "municipio", "codigo": "15686", "label": "Santana", "area": 0.0056 }, "geometry": { "type": "Point", "coordinates": [ -73.48942, 6.05475 ] } },
{ "type": "Feature", "properties": { "nivel": "municipio", "codigo": "15690", "label": "Santa María", "area": 0.0252 }, "geometry": { "type": "Point", "coordinates": [ -73.27202, 4.82505 ] } },
{ "type": "Feature", "properties": { "nivel": "municipio", "codigo": "15693", "label": "Santa Rosa de Viterbo", "area": 0.0095 }, "geometry": { "type": "Point", "coordinates": [ -72.98482, 5.90363 ] } },
{ "type": "Feature", "properties": { "nivel": "municipio", "codigo": "15696", "label": "Santa Sofía", "area": 0.0063 }, "geometry": { "type": "Point", "coordinates": [ -73.60564, 5.73542 ] } },
{ "type": "Feature", "properties": { "nivel": "municipio", "codigo": "15720", "label": "Sativanorte", "area": 0.0132 }, "geometry": { "type": "Point", "coordinates": [ -72.7446, 6.12604 ] } },
{ "type": "Feature", "properties": { "nivel": "municipio", "codigo": "15723", "label": "Sativasur", "area": 0.0045 }, "geometry": { "type": "Point", "coordinates": [ -72.68691, 6.06257 ] } },
{ "type": "Feature", "properties": { "nivel": "municipio", "codigo": "15740", "label": "Siachoque", "area": 0.0097 }, "geometry": { "type": "Point", "coordinates": [ -73.21406, 5.49708 ] } },
{ "type": "Feature", "properties": { "nivel": "municipio", "codigo": "15753", "label": "Soatá", "area": 0.0101 }, "geometry": { "type": "Point", "coordinates": [ -72.70073, 6.32184 ] } },
{ "type": "Feature", "properties": { "nivel": "municipio", "codigo": "15755", "label": "Socotá", "area": 0.0493 }, "geometry": { "type": "Point", "coordinates": [ -72.54271, 5.9418 ] } },
{ "type": "Feature", "properties": { "nivel": "municipio", "codigo": "15757", "label": "Socha", "area": 0.0123 }, "geometry": { "type": "Point", "coordinates": [ -72.68833, 5.9643 ] } },
{ "type": "Feature", "properties": { "nivel": "municipio", "codigo": "15759", "label": "Sogamoso", "area": 0.0169 }, "geometry": { "type": "Point", "coordinates": [ -72.90852, 5.67575 ] } },
{ "type": "Feature", "properties": { "nivel": "municipio", "codigo": "15761", "label": "Somondoco", "area": 0.0048 }, "geometry": { "type": "Point", "coordinates": [ -73.4331, 4.96191 ] } },
{ "type": "Feature", "properties": { "nivel": "municipio", "codigo": "15762", "label": "Sora", "area": 0.0039 }, "geometry": { "type": "Point", "coordinates": [ -73.43905, 5.58388 ] } },
{ "type": "Feature", "properties": { "nivel": "municipio", "codigo": "15763", "label": "Sotaquirá", "area": 0.0238 }, "geometry": { "type": "Point", "coordinates": [ -73.26856, 5.7847 ] } },
{ "type": "Feature", "properties": { "nivel": "municipio", "codigo": "15764", "label": "Soracá", "area": 0.0045 }, "geometry": { "type": "Point", "coordinates": [ -73.31814, 5.49194 ] } },
{ "type": "Feature", "properties": { "nivel": "municipio", "codigo": "15774", "label": "Susacón", "area": 0.0149 }, "geometry": { "type": "Point", "coordinates": [ -72.69281, 6.22377 ] } },
{ "type": "Feature", "properties": { "nivel": "municipio", "codigo": "15776", "label": "Sutamarchán", "area": 0.0084 }, "geometry": { "type": "Point", "coordinates": [ -73.63494, 5.6361 ] } },
{ "type": "Feature", "properties": { "nivel": "municipio", "codigo": "15778", "label": "Sutatenza", "area": 0.0034 }, "geometry": { "type": "Point", "coordinates": [ -73.42989, 5.02529 ] } },
{ "type": "Feature", "properties": { "nivel": "municipio", "codigo": "15790", "label": "Tasco", "area": 0.0171 }, "geometry": { "type": "Point", "coordinates": [ -72.75771, 5.89813 ] } },
{ "type": "Feature", "properties": { "nivel": "municipio", "codigo": "15798", "label": "Tenza", "area": 0.0037 }, "geometry": { "type": "Point", "coordinates": [ -73.4156, 5.07945 ] } },
{ "type": "Feature", "properties": { "nivel": "municipio", "codigo": "15804", "label": "Tibaná", "area": 0.0099 }, "geometry": { "type": "Point", "coordinates": [ -73.39164, 5.30744 ] } },
{ "type": "Feature", "properties": { "nivel": "municipio", "codigo": "15806", "label": "Tibasosa", "area": 0.0077 }, "geometry": { "type": "Point", "coordinates": [ -73.01295, 5.74814 ] } },
{ "type": "Feature", "properties": { "nivel": "municipio", "codigo": "15808", "label": "Tinjacá", "area": 0.0065 }, "geometry": { "type": "Point", "coordinates": [ -73.67074, 5.58059 ] } },
{ "type": "Feature", "properties": { "nivel": "municipio", "codigo": "15810", "label": "Tipacoque", "area": 0.0059 }, "geometry": { "type": "Point", "coordinates": [ -72.69933, 6.42695 ] } },
{ "type": "Feature", "properties": { "nivel": "municipio", "codigo": "15814", "label": "Toca", "area": 0.0137 }, "geometry": { "type": "Point", "coordinates": [ -73.16747, 5.57876 ] } },
{ "type": "Feature", "properties": { "nivel": "municipio", "codigo": "15816", "label": "Togüí", "area": 0.0083 }, "geometry": { "type": "Point", "coordinates": [ -73.49121, 5.91768 ] } },
{ "type": "Feature", "properties": { "nivel": "municipio", "codigo": "15820", "label": "Tópaga", "area": 0.0027 }, "geometry": { "type": "Point", "coordinates": [ -72.84185, 5.7672 ] } },
{ "type": "Feature", "properties": { "nivel": "municipio", "codigo": "15822", "label": "Tota", "area": 0.016 }, "geometry": { "type": "Point", "coordinates": [ -73.01267, 5.47621 ] } },
{ "type": "Feature", "properties": { "nivel": "municipio", "codigo": "15832", "label": "Tununguá", "area": 0.0024 }, "geometry": { "type": "Point", "coordinates": [ -73.9448, 5.71592 ] } },
{ "type": "Feature", "properties": { "nivel": "municipio", "codigo": "15835", "label": "Turmequé", "area": 0.0065 }, "geometry": { "type": "Point", "coordinates": [ -73.5118, 5.30142 ] } },
{ "type": "Feature", "properties": { "nivel": "municipio", "codigo": "15837", "label": "Tuta", "area": 0.0135 }, "geometry": { "type": "Point", "coordinates": [ -73.18801, 5.67945 ] } },
{ "type": "Feature", "properties": { "nivel": "municipio", "codigo": "15839", "label": "Tutazá", "area": 0.01 }, "geometry": { "type": "Point", "coordinates": [ -72.8655, 6.08004 ] } },
{ "type": "Feature", "properties": { "nivel": "municipio", "codigo": "15842", "label": "Úmbita", "area": 0.0119 }, "geometry": { "type": "Point", "coordinates": [ -73.45799, 5.22589 ] } },
{ "type": "Feature", "properties": { "nivel": "municipio", "codigo": "15861", "label": "Ventaquemada", "area": 0.0131 }, "geometry": { "type": "Point", "coordinates": [ -73.52614, 5.38286 ] } },
{ "type": "Feature", "properties": { "nivel": "municipio", "codigo": "15879", "label": "Viracachá", "area": 0.0051 }, "geometry": { "type": "Point", "coordinates": [ -73.26662, 5.44733 ] } },
{ "type": "Feature", "properties": { "nivel": "municipio", "codigo": "15897", "label": "Zetaquira", "area": 0.0205 }, "geometry": { "type": "Point", "coordinates": [ -73.19572, 5.27944 ] } },
{ "type": "Feature", "properties": { "nivel": "municipio", "codigo": "17001", "label": "Manizales", "area": 0.0359 }, "geometry": { "type": "Point", "coordinates": [ -75.5072, 5.07423 ] } },
{ "type": "Feature", "properties": { "nivel": "municipio", "codigo": "17013", "label": "Aguadas", "area": 0.0388 }, "geometry": { "type": "Point", "coordinates": [ -75.4154, 5.57857 ] } },
{ "type": "Feature", "properties": { "nivel": "municipio", "codigo": "17042", "label": "Anserma", "area": 0.017 }, "geometry": { "type": "Point", "coordinates": [ -75.74916, 5.19867 ] } },
{ "type": "Feature", "properties": { "nivel": "municipio", "codigo": "17050", "label": "Aranzazu", "area": 0.0122 }, "geometry": { "type": "Point", "coordinates": [ -75.46266, 5.27941 ] } },
{ "type": "Feature", "properties": { "nivel": "municipio", "codigo": "17088", "label": "Belalcázar", "area": 0.0092 }, "geometry": { "type": "Point", "coordinates": [ -75.82251, 4.99421 ] } },
{ "type": "Feature", "properties": { "nivel": "municipio", "codigo": "17174", "label": "Chinchiná", "area": 0.0089 }, "geometry": { "type": "Point", "coordinates": [ -75.70341, 5.00186 ] } },
{ "type": "Feature", "properties": { "nivel": "municipio", "codigo": "17272", "label": "Filadelfia", "area": 0.0157 }, "geometry": { "type": "Point", "coordinates": [ -75.59003, 5.28988 ] } },
{ "type": "Feature", "properties": { "nivel": "municipio", "codigo": "17380", "label": "La Dorada", "area": 0.0448 }, "geometry": { "type": "Point", "coordinates": [ -74.67974, 5.53048 ] } },
{ "type": "Feature", "properties": { "nivel": "municipio", "codigo": "17388", "label": "La Merced", "area": 0.0072 }, "geometry": { "type": "Point", "coordinates": [ -75.56022, 5.39242 ] } },
{ "type": "Feature", "properties": { "nivel": "municipio", "codigo": "17433", "label": "Manzanares", "area": 0.0161 }, "geometry": { "type": "Point", "coordinates": [ -75.15964, 5.23286 ] } },
{ "type": "Feature", "properties": { "nivel": "municipio", "codigo": "17442", "label": "Marmato", "area": 0.003 }, "geometry": { "type": "Point", "coordinates": [ -75.5992, 5.48895 ] } },
{ "type": "Feature", "properties": { "nivel": "municipio", "codigo": "17444", "label": "Marquetalia", "area": 0.0074 }, "geometry": { "type": "Point", "coordinates": [ -75.04633, 5.30759 ] } },
{ "type": "Feature", "properties": { "nivel": "municipio", "codigo": "17446", "label": "Marulanda", "area": 0.0307 }, "geometry": { "type": "Point", "coordinates": [ -75.29184, 5.21122 ] } },
{ "type": "Feature", "properties": { "nivel": "municipio", "codigo": "17486", "label": "Neira", "area": 0.0301 }, "geometry": { "type": "Point", "coordinates": [ -75.51885, 5.19176 ] } },
{ "type": "Feature", "properties": { "nivel": "municipio", "codigo": "17495", "label": "Norcasia", "area": 0.0186 }, "geometry": { "type": "Point", "coordinates": [ -74.83395, 5.63825 ] } },
{ "type": "Feature", "properties": { "nivel": "municipio", "codigo": "17513", "label": "Pácora", "area": 0.021 }, "geometry": { "type": "Point", "coordinates": [ -75.48963, 5.50139 ] } },
{ "type": "Feature", "properties": { "nivel": "municipio", "codigo": "17524", "label": "Palestina", "area": 0.0091 }, "geometry": { "type": "Point", "coordinates": [ -75.67515, 5.06585 ] } },
{ "type": "Feature", "properties": { "nivel": "municipio", "codigo": "17541", "label": "Pensilvania", "area": 0.0407 }, "geometry": { "type": "Point", "coordinates": [ -75.18322, 5.40399 ] } },
{ "type": "Feature", "properties": { "nivel": "municipio", "codigo": "17614", "label": "Riosucio", "area": 0.0313 }, "geometry": { "type": "Point", "coordinates": [ -75.76737, 5.43418 ] } },
{ "type": "Feature", "properties": { "nivel": "municipio", "codigo": "17616", "label": "Risaralda", "area": 0.0073 }, "geometry": { "type": "Point", "coordinates": [ -75.7401, 5.11359 ] } },
{ "type": "Feature", "properties": { "nivel": "municipio", "codigo": "17653", "label": "Salamina", "area": 0.0316 }, "geometry": { "type": "Point", "coordinates": [ -75.38881, 5.34431 ] } },
{ "type": "Feature", "properties": { "nivel": "municipio", "codigo": "17662", "label": "Samaná", "area": 0.0619 }, "geometry": { "type": "Point", "coordinates": [ -75.02615, 5.53452 ] } },
{ "type": "Feature", "properties": { "nivel": "municipio", "codigo": "17665", "label": "San José", "area": 0.005 }, "geometry": { "type": "Point", "coordinates": [ -75.82865, 5.06515 ] } },
{ "type": "Feature", "properties": { "nivel": "municipio", "codigo": "17777", "label": "Supía", "area": 0.0099 }, "geometry": { "type": "Point", "coordinates": [ -75.6464, 5.45625 ] } },
{ "type": "Feature", "properties": { "nivel": "municipio", "codigo": "17867", "label": "Victoria", "area": 0.0456 }, "geometry": { "type": "Point", "coordinates": [ -74.82938, 5.45062 ] } },
{ "type": "Feature", "properties": { "nivel": "municipio", "codigo": "17873", "label": "Villamaría", "area": 0.0371 }, "geometry": { "type": "Point", "coordinates": [ -75.44409, 4.92595 ] } },
{ "type": "Feature", "properties": { "nivel": "municipio", "codigo": "17877", "label": "Viterbo", "area": 0.0092 }, "geometry": { "type": "Point", "coordinates": [ -75.88604, 5.03723 ] } },
{ "type": "Feature", "properties": { "nivel": "municipio", "codigo": "18001", "label": "Florencia", "area": 0.2069 }, "geometry": { "type": "Point", "coordinates": [ -75.60533, 1.75842 ] } },
{ "type": "Feature", "properties": { "nivel": "municipio", "codigo": "18029", "label": "Albania", "area": 0.0335 }, "geometry": { "type": "Point", "coordinates": [ -75.88665, 1.23077 ] } },
{ "type": "Feature", "properties": { "nivel": "municipio", "codigo": "18094", "label": "Belén de los Andaquíes", "area": 0.0967 }, "geometry": { "type": "Point", "coordinates": [ -75.89191, 1.47521 ] } },
{ "type": "Feature", "properties": { "nivel": "municipio", "codigo": "18150", "label": "Cartagena del Chairá", "area": 1.0387 }, "geometry": { "type": "Point", "coordinates": [ -74.45925, 0.79666 ] } },
{ "type": "Feature", "properties": { "nivel": "municipio", "codigo": "18205", "label": "Curillo", "area": 0.0324 }, "geometry": { "type": "Point", "coordinates": [ -75.89828, 1.02251 ] } },
{ "type": "Feature", "properties": { "nivel": "municipio", "codigo": "18247", "label": "El Doncello", "area": 0.0899 }, "geometry": { "type": "Point", "coordinates": [ -75.31723, 1.87614 ] } },
{ "type": "Feature", "properties": { "nivel": "municipio", "codigo": "18256", "label": "El Paujíl", "area": 0.1003 }, "geometry": { "type": "Point", "coordinates": [ -75.37349, 1.77343 ] } },
{ "type": "Feature", "properties": { "nivel": "municipio", "codigo": "18410", "label": "La Montañita", "area": 0.1382 }, "geometry": { "type": "Point", "coordinates": [ -75.36966, 1.37298 ] } },
{ "type": "Feature", "properties": { "nivel": "municipio", "codigo": "18460", "label": "Milán", "area": 0.0991 }, "geometry": { "type": "Point", "coordinates": [ -75.38695, 1.1256 ] } },
{ "type": "Feature", "properties": { "nivel": "municipio", "codigo": "18479", "label": "Morelia", "area": 0.0376 }, "geometry": { "type": "Point", "coordinates": [ -75.66979, 1.40014 ] } },
{ "type": "Feature", "properties": { "nivel": "municipio", "codigo": "18592", "label": "Puerto Rico", "area": 0.337 }, "geometry": { "type": "Point", "coordinates": [ -75.10404, 2.00814 ] } },
{ "type": "Feature", "properties": { "nivel": "municipio", "codigo": "18610", "label": "San José del Fragua", "area": 0.1063 }, "geometry": { "type": "Point", "coordinates": [ -76.07158, 1.34263 ] } },
{ "type": "Feature", "properties": { "nivel": "municipio", "codigo": "18753", "label": "San Vicente del Caguán", "area": 1.6411 }, "geometry": { "type": "Point", "coordinates": [ -74.30877, 1.73743 ] } },
{ "type": "Feature", "properties": { "nivel": "municipio", "codigo": "18756", "label": "Solano", "area": 3.4358 }, "geometry": { "type": "Point", "coordinates": [ -72.52196, 0.24093 ] } },
{ "type": "Feature", "properties": { "nivel": "municipio", "codigo": "18785", "label": "Solita", "area": 0.0387 }, "geometry": { "type": "Point", "coordinates": [ -75.65453, 0.89009 ] } },
{ "type": "Feature", "properties": { "nivel": "municipio", "codigo": "18860", "label": "Valparaíso", "area": 0.108 }, "geometry": { "type": "Point", "coordinates": [ -75.69788, 1.08545 ] } },
{ "type": "Feature", "properties": { "nivel": "municipio", "codigo": "19001", "label": "Popayán", "area": 0.039 }, "geometry": { "type": "Point", "coordinates": [ -76.54602, 2.44241 ] } },
{ "type": "Feature", "properties": { "nivel": "municipio", "codigo": "19022", "label": "Almaguer", "area": 0.0192 }, "geometry": { "type": "Point", "coordinates": [ -76.83781, 1.91245 ] } },
{ "type": "Feature", "properties": { "nivel": "municipio", "codigo": "19050", "label": "Argelia", "area": 0.0629 }, "geometry": { "type": "Point", "coordinates": [ -77.26299, 2.32733 ] } },
{ "type": "Feature", "properties": { "nivel": "municipio", "codigo": "19075", "label": "Balboa", "area": 0.0335 }, "geometry": { "type": "Point", "coordinates": [ -77.20564, 2.07697 ] } },
{ "type": "Feature", "properties": { "nivel": "municipio", "codigo": "19100", "label": "Bolívar", "area": 0.0647 }, "geometry": { "type": "Point", "coordinates": [ -76.99277, 1.87352 ] } },
{ "type": "Feature", "properties": { "nivel": "municipio", "codigo": "19110", "label": "Buenos Aires", "area": 0.0353 }, "geometry": { "type": "Point", "coordinates": [ -76.63027, 3.05232 ] } },
{ "type": "Feature", "properties": { "nivel": "municipio", "codigo": "19130", "label": "Cajibío", "area": 0.0448 }, "geometry": { "type": "Point", "coordinates": [ -76.72373, 2.65754 ] } },
{ "type": "Feature", "properties": { "nivel": "municipio", "codigo": "19137", "label": "Caldono", "area": 0.0288 }, "geometry": { "type": "Point", "coordinates": [ -76.46299, 2.81107 ] } },
{ "type": "Feature", "properties": { "nivel": "municipio", "codigo": "19142", "label": "Caloto", "area": 0.0215 }, "geometry": { "type": "Point", "coordinates": [ -76.35271, 3.06708 ] } },
{ "type": "Feature", "properties": { "nivel": "municipio", "codigo": "19212", "label": "Corinto", "area": 0.0265 }, "geometry": { "type": "Point", "coordinates": [ -76.20015, 3.14434 ] } },
{ "type": "Feature", "properties": { "nivel": "municipio", "codigo": "19256", "label": "El Tambo", "area": 0.2222 }, "geometry": { "type": "Point", "coordinates": [ -77.03416, 2.51663 ] } },
{ "type": "Feature", "properties": { "nivel": "municipio", "codigo": "19290", "label": "Florencia", "area": 0.0046 }, "geometry": { "type": "Point", "coordinates": [ -77.09024, 1.6977 ] } },
{ "type": "Feature", "properties": { "nivel": "municipio", "codigo": "19300", "label": "Guachené", "area": 0.0082 }, "geometry": { "type": "Point", "coordinates": [ -76.3883, 3.14361 ] } },
{ "type": "Feature", "properties": { "nivel": "municipio", "codigo": "19318", "label": "Guapi", "area": 0.208 }, "geometry": { "type": "Point", "coordinates": [ -77.68634, 2.41932 ] } },
{ "type": "Feature", "properties": { "nivel": "municipio", "codigo": "19355", "label": "Inzá", "area": 0.0704 }, "geometry": { "type": "Point", "coordinates": [ -76.09868, 2.49888 ] } },
{ "type": "Feature", "properties": { "nivel": "municipio", "codigo": "19364", "label": "Jambaló", "area": 0.019 }, "geometry": { "type": "Point", "coordinates": [ -76.33298, 2.8698 ] } },
{ "type": "Feature", "properties": { "nivel": "municipio", "codigo": "19392", "label": "La Sierra", "area": 0.0169 }, "geometry": { "type": "Point", "coordinates": [ -76.79779, 2.19967 ] } },
{ "type": "Feature", "properties": { "nivel": "municipio", "codigo": "19397", "label": "La Vega", "area": 0.0419 }, "geometry": { "type": "Point", "coordinates": [ -76.7764, 2.05294 ] } },
{ "type": "Feature", "properties": { "nivel": "municipio", "codigo": "19418", "label": "López de Micay", "area": 0.2731 }, "geometry": { "type": "Point", "coordinates": [ -77.26764, 2.96169 ] } },
{ "type": "Feature", "properties": { "nivel": "municipio", "codigo": "19450", "label": "Mercaderes", "area": 0.0566 }, "geometry": { "type": "Point", "coordinates": [ -77.16265, 1.80587 ] } },
{ "type": "Feature", "properties": { "nivel": "municipio", "codigo": "19455", "label": "Miranda", "area": 0.0154 }, "geometry": { "type": "Point", "coordinates": [ -76.16442, 3.22155 ] } },
{ "type": "Feature", "properties": { "nivel": "municipio", "codigo": "19473", "label": "Morales", "area": 0.0415 }, "geometry": { "type": "Point", "coordinates": [ -76.84898, 2.84373 ] } },
{ "type": "Feature", "properties": { "nivel": "municipio", "codigo": "19513", "label": "Padilla", "area": 0.0057 }, "geometry": { "type": "Point", "coordinates": [ -76.33783, 3.18632 ] } },
{ "type": "Feature", "properties": { "nivel": "municipio", "codigo": "19517", "label": "Páez", "area": 0.1457 }, "geometry": { "type": "Point", "coordinates": [ -75.99202, 2.73598 ] } },
{ "type": "Feature", "properties": { "nivel": "municipio", "codigo": "19532", "label": "Patía", "area": 0.0612 }, "geometry": { "type": "Point", "coordinates": [ -77.01731, 2.13245 ] } },
{ "type": "Feature", "properties": { "nivel": "municipio", "codigo": "19533", "label": "Piamonte", "area": 0.0896 }, "geometry": { "type": "Point", "coordinates": [ -76.30235, 1.27306 ] } },
{ "type": "Feature", "properties": { "nivel": "municipio", "codigo": "19548", "label": "Piendamó - Tunía", "area": 0.0147 }, "geometry": { "type": "Point", "coordinates": [ -76.5531, 2.73524 ] } },
{ "type": "Feature", "properties": { "nivel": "municipio", "codigo": "19573", "label": "Puerto Tejada", "area": 0.0089 }, "geometry": { "type": "Point", "coordinates": [ -76.41295, 3.26594 ] } },
{ "type": "Feature", "properties": { "nivel": "municipio", "codigo": "19585", "label": "Puracé", "area": 0.0689 }, "geometry": { "type": "Point", "coordinates": [ -76.46468, 2.26175 ] } },
{ "type": "Feature", "properties": { "nivel": "municipio", "codigo": "19622", "label": "Rosas", "area": 0.0137 }, "geometry": { "type": "Point", "coordinates": [ -76.75726, 2.25271 ] } },
{ "type": "Feature", "properties": { "nivel": "municipio", "codigo": "19693", "label": "San Sebastián", "area": 0.034 }, "geometry": { "type": "Point", "coordinates": [ -76.7076, 1.84117 ] } },
{ "type": "Feature", "properties": { "nivel": "municipio", "codigo": "19698", "label": "Santander de Quilichao", "area": 0.0421 }, "geometry": { "type": "Point", "coordinates": [ -76.51255, 2.99747 ] } },
{ "type": "Feature", "properties": { "nivel": "municipio", "codigo": "19701", "label": "Santa Rosa", "area": 0.2936 }, "geometry": { "type": "Point", "coordinates": [ -76.58391, 1.47195 ] } },
{ "type": "Feature", "properties": { "nivel": "municipio", "codigo": "19743", "label": "Silvia", "area": 0.0553 }, "geometry": { "type": "Point", "coordinates": [ -76.37398, 2.65346 ] } },
{ "type": "Feature", "properties": { "nivel": "municipio", "codigo": "19760", "label": "Sotará Paispamba", "area": 0.0419 }, "geometry": { "type": "Point", "coordinates": [ -76.59255, 2.22419 ] } },
{ "type": "Feature", "properties": { "nivel": "municipio", "codigo": "19780", "label": "Suárez", "area": 0.0318 }, "geometry": { "type": "Point", "coordinates": [ -76.73757, 2.93871 ] } },
{ "type": "Feature", "properties": { "nivel": "municipio", "codigo": "19785", "label": "Sucre", "area": 0.011 }, "geometry": { "type": "Point", "coordinates": [ -76.91284, 2.07101 ] } },
{ "type": "Feature", "properties": { "nivel": "municipio", "codigo": "19807", "label": "Timbío", "area": 0.0163 }, "geometry": { "type": "Point", "coordinates": [ -76.69642, 2.38193 ] } },
{ "type": "Feature", "properties": { "nivel": "municipio", "codigo": "19809", "label": "Timbiquí", "area": 0.1668 }, "geometry": { "type": "Point", "coordinates": [ -77.43138, 2.66435 ] } },
{ "type": "Feature", "properties": { "nivel": "municipio", "codigo": "19821", "label": "Toribío", "area": 0.04 }, "geometry": { "type": "Point", "coordinates": [ -76.21031, 2.97122 ] } },
{ "type": "Feature", "properties": { "nivel": "municipio", "codigo": "19824", "label": "Totoró", "area": 0.0328 }, "geometry": { "type": "Point", "coordinates": [ -76.35722, 2.4965 ] } },
{ "type": "Feature", "properties": { "nivel": "municipio", "codigo": "19845", "label": "Villa Rica", "area": 0.0066 }, "geometry": { "type": "Point", "coordinates": [ -76.46572, 3.18171 ] } },
{ "type": "Feature", "properties": { "nivel": "municipio", "codigo": "20001", "label": "Valledupar", "area": 0.3458 }, "geometry": { "type": "Point", "coordinates": [ -73.36689, 10.34315 ] } },
{ "type": "Feature", "properties": { "nivel": "municipio", "codigo": "20011", "label": "Aguachica", "area": 0.072 }, "geometry": { "type": "Point", "coordinates": [ -73.62176, 8.24825 ] } },
{ "type": "Feature", "properties": { "nivel": "municipio", "codigo": "20013", "label": "Agustín Codazzi", "area": 0.1445 }, "geometry": { "type": "Point", "coordinates": [ -73.20185, 9.99348 ] } },
{ "type": "Feature", "properties": { "nivel": "municipio", "codigo": "20032", "label": "Astrea", "area": 0.0525 }, "geometry": { "type": "Point", "coordinates": [ -73.95183, 9.50754 ] } },
{ "type": "Feature", "properties": { "nivel": "municipio", "codigo": "20045", "label": "Becerril", "area": 0.1009 }, "geometry": { "type": "Point", "coordinates": [ -73.24375, 9.75353 ] } },
{ "type": "Feature", "properties": { "nivel": "municipio", "codigo": "20060", "label": "Bosconia", "area": 0.0484 }, "geometry": { "type": "Point", "coordinates": [ -73.84781, 9.9289 ] } },
{ "type": "Feature", "properties": { "nivel": "municipio", "codigo": "20175", "label": "Chimichagua", "area": 0.1132 }, "geometry": { "type": "Point", "coordinates": [ -73.81799, 9.23781 ] } },
{ "type": "Feature", "properties": { "nivel": "municipio", "codigo": "20178", "label": "Chiriguaná", "area": 0.0917 }, "geometry": { "type": "Point", "coordinates": [ -73.4789, 9.42466 ] } },
{ "type": "Feature", "properties": { "nivel": "municipio", "codigo": "20228", "label": "Curumaní", "area": 0.0753 }, "geometry": { "type": "Point", "coordinates": [ -73.50127, 9.24035 ] } },
{ "type": "Feature", "properties": { "nivel": "municipio", "codigo": "20238", "label": "El Copey", "area": 0.0789 }, "geometry": { "type": "Point", "coordinates": [ -73.91613, 10.20348 ] } },
{ "type": "Feature", "properties": { "nivel": "municipio", "codigo": "20250", "label": "El Paso", "area": 0.067 }, "geometry": { "type": "Point", "coordinates": [ -73.72217, 9.70413 ] } },
{ "type": "Feature", "properties": { "nivel": "municipio", "codigo": "20295", "label": "Gamarra", "area": 0.0268 }, "geometry": { "type": "Point", "coordinates": [ -73.71505, 8.32199 ] } },
{ "type": "Feature", "properties": { "nivel": "municipio", "codigo": "20310", "label": "González", "area": 0.006 }, "geometry": { "type": "Point", "coordinates": [ -73.37284, 8.394 ] } },
{ "type": "Feature", "properties": { "nivel": "municipio", "codigo": "20383", "label": "La Gloria", "area": 0.0659 }, "geometry": { "type": "Point", "coordinates": [ -73.67006, 8.63646 ] } },
{ "type": "Feature", "properties": { "nivel": "municipio", "codigo": "20400", "label": "La Jagua de Ibirico", "area": 0.0622 }, "geometry": { "type": "Point", "coordinates": [ -73.29332, 9.55929 ] } },
{ "type": "Feature", "properties": { "nivel": "municipio", "codigo": "20443", "label": "Manaure Balcón del Cesar", "area": 0.0113 }, "geometry": { "type": "Point", "coordinates": [ -72.99267, 10.39399 ] } },
{ "type": "Feature", "properties": { "nivel": "municipio", "codigo": "20517", "label": "Pailitas", "area": 0.0437 }, "geometry": { "type": "Point", "coordinates": [ -73.5637, 8.94874 ] } },
{ "type": "Feature", "properties": { "nivel": "municipio", "codigo": "20550", "label": "Pelaya", "area": 0.0348 }, "geometry": { "type": "Point", "coordinates": [ -73.64293, 8.76961 ] } },
{ "type": "Feature", "properties": { "nivel": "municipio", "codigo": "20570", "label": "Pueblo Bello", "area": 0.0614 }, "geometry": { "type": "Point", "coordinates": [ -73.53386, 10.52978 ] } },
{ "type": "Feature", "properties": { "nivel": "municipio", "codigo": "20614", "label": "Río de Oro", "area": 0.0426 }, "geometry": { "type": "Point", "coordinates": [ -73.4946, 8.21453 ] } },
{ "type": "Feature", "properties": { "nivel": "municipio", "codigo": "20621", "label": "La Paz", "area": 0.0885 }, "geometry": { "type": "Point", "coordinates": [ -73.20777, 10.10957 ] } },
{ "type": "Feature", "properties": { "nivel": "municipio", "codigo": "20710", "label": "San Alberto", "area": 0.0451 }, "geometry": { "type": "Point", "coordinates": [ -73.41376, 7.83387 ] } },
{ "type": "Feature", "properties": { "nivel": "municipio", "codigo": "20750", "label": "San Diego", "area": 0.0533 }, "geometry": { "type": "Point", "coordinates": [ -73.35547, 10.11183 ] } },
{ "type": "Feature", "properties": { "nivel": "municipio", "codigo": "20770", "label": "San Martín", "area": 0.0814 }, "geometry": { "type": "Point", "coordinates": [ -73.55991, 7.93094 ] } },
{ "type": "Feature", "properties": { "nivel": "municipio", "codigo": "20787", "label": "Tamalameque", "area": 0.0422 }, "geometry": { "type": "Point", "coordinates": [ -73.78296, 8.89632 ] } },
{ "type": "Feature", "properties": { "nivel": "municipio", "codigo": "23001", "label": "Montería", "area": 0.2574 }, "geometry": { "type": "Point", "coordinates": [ -75.97921, 8.611 ] } },
{ "type": "Feature", "properties": { "nivel": "municipio", "codigo": "23068", "label": "Ayapel", "area": 0.1612 }, "geometry": { "type": "Point", "coordinates": [ -75.02996, 8.28144 ] } },
{ "type": "Feature", "properties": { "nivel": "municipio", "codigo": "23079", "label": "Buenavista", "area": 0.0685 }, "geometry": { "type": "Point", "coordinates": [ -75.45492, 8.18991 ] } },
{ "type": "Feature", "properties": { "nivel": "municipio", "codigo": "23090", "label": "Canalete", "area": 0.0345 }, "geometry": { "type": "Point", "coordinates": [ -76.25071, 8.72068 ] } },
{ "type": "Feature", "properties": { "nivel": "municipio", "codigo": "23162", "label": "Cereté", "area": 0.0239 }, "geometry": { "type": "Point", "coordinates": [ -75.82553, 8.88198 ] } },
{ "type": "Feature", "properties": { "nivel": "municipio", "codigo": "23168", "label": "Chimá", "area": 0.0266 }, "geometry": { "type": "Point", "coordinates": [ -75.65717, 9.11129 ] } },
{ "type": "Feature", "properties": { "nivel": "municipio", "codigo": "23182", "label": "Chinú", "area": 0.0515 }, "geometry": { "type": "Point", "coordinates": [ -75.37563, 9.02175 ] } },
{ "type": "Feature", "properties": { "nivel": "municipio", "codigo": "23189", "label": "Ciénaga de Oro", "area": 0.0527 }, "geometry": { "type": "Point", "coordinates": [ -75.60016, 8.8108 ] } },
{ "type": "Feature", "properties": { "nivel": "municipio", "codigo": "23300", "label": "Cotorra", "area": 0.0072 }, "geometry": { "type": "Point", "coordinates": [ -75.76316, 9.05778 ] } },
{ "type": "Feature", "properties": { "nivel": "municipio", "codigo": "23350", "label": "La Apartada", "area": 0.0235 }, "geometry": { "type": "Point", "coordinates": [ -75.3188, 8.04262 ] } },
{ "type": "Feature", "properties": { "nivel": "municipio", "codigo": "23417", "label": "Lorica", "area": 0.0782 }, "geometry": { "type": "Point", "coordinates": [ -75.87266, 9.18392 ] } },
{ "type": "Feature", "properties": { "nivel": "municipio", "codigo": "23419", "label": "Los Córdobas", "area": 0.03 }, "geometry": { "type": "Point", "coordinates": [ -76.33399, 8.82304 ] } },
{ "type": "Feature", "properties": { "nivel": "municipio", "codigo": "23464", "label": "Momil", "area": 0.0131 }, "geometry": { "type": "Point", "coordinates": [ -75.64344, 9.25747 ] } },
{ "type": "Feature", "properties": { "nivel": "municipio", "codigo": "23466", "label": "Montelíbano", "area": 0.1271 }, "geometry": { "type": "Point", "coordinates": [ -75.90712, 7.76471 ] } },
{ "type": "Feature", "properties": { "nivel": "municipio", "codigo": "23500", "label": "Moñitos", "area": 0.0167 }, "geometry": { "type": "Point", "coordinates": [ -76.12227, 9.19885 ] } },
{ "type": "Feature", "properties": { "nivel": "municipio", "codigo": "23555", "label": "Planeta Rica", "area": 0.0935 }, "geometry": { "type": "Point", "coordinates": [ -75.58751, 8.30159 ] } },
{ "type": "Feature", "properties": { "nivel": "municipio", "codigo": "23570", "label": "Pueblo Nuevo", "area": 0.0697 }, "geometry": { "type": "Point", "coordinates": [ -75.40524, 8.47193 ] } },
{ "type": "Feature", "properties": { "nivel": "municipio", "codigo": "23574", "label": "Puerto Escondido", "area": 0.0338 }, "geometry": { "type": "Point", "coordinates": [ -76.17517, 8.99408 ] } },
{ "type": "Feature", "properties": { "nivel": "municipio", "codigo": "23580", "label": "Puerto Libertador", "area": 0.1349 }, "geometry": { "type": "Point", "coordinates": [ -75.77408, 7.69045 ] } },
{ "type": "Feature", "properties": { "nivel": "municipio", "codigo": "23586", "label": "Purísima de la Concepción", "area": 0.0097 }, "geometry": { "type": "Point", "coordinates": [ -75.73653, 9.29082 ] } },
{ "type": "Feature", "properties": { "nivel": "municipio", "codigo": "23660", "label": "Sahagún", "area": 0.0792 }, "geometry": { "type": "Point", "coordinates": [ -75.45189, 8.79587 ] } },
{ "type": "Feature", "properties": { "nivel": "municipio", "codigo": "23670", "label": "San Andrés de Sotavento", "area": 0.017 }, "geometry": { "type": "Point", "coordinates": [ -75.51136, 9.13414 ] } },
{ "type": "Feature", "properties": { "nivel": "municipio", "codigo": "23672", "label": "San Antero", "area": 0.0171 }, "geometry": { "type": "Point", "coordinates": [ -75.7899, 9.3583 ] } },
{ "type": "Feature", "properties": { "nivel": "municipio", "codigo": "23675", "label": "San Bernardo del Viento", "area": 0.0259 }, "geometry": { "type": "Point", "coordinates": [ -76.00776, 9.32335 ] } },
{ "type": "Feature", "properties": { "nivel": "municipio", "codigo": "23678", "label": "San Carlos", "area": 0.0367 }, "geometry": { "type": "Point", "coordinates": [ -75.69239, 8.68493 ] } },
{ "type": "Feature", "properties": { "nivel": "municipio", "codigo": "23682", "label": "San José de Uré", "area": 0.0431 }, "geometry": { "type": "Point", "coordinates": [ -75.54121, 7.76563 ] } },
{ "type": "Feature", "properties": { "nivel": "municipio", "codigo": "23686", "label": "San Pelayo", "area": 0.0366 }, "geometry": { "type": "Point", "coordinates": [ -75.90696, 8.98879 ] } },
{ "type": "Feature", "properties": { "nivel": "municipio", "codigo": "23807", "label": "Tierralta", "area": 0.4043 }, "geometry": { "type": "Point", "coordinates": [ -76.22464, 7.85026 ] } },
{ "type": "Feature", "properties": { "nivel": "municipio", "codigo": "23815", "label": "Tuchín", "area": 0.0087 }, "geometry": { "type": "Point", "coordinates": [ -75.54172, 9.2192 ] } },
{ "type": "Feature", "properties": { "nivel": "municipio", "codigo": "23855", "label": "Valencia", "area": 0.0753 }, "geometry": { "type": "Point", "coordinates": [ -76.20703, 8.2036 ] } },
{ "type": "Feature", "properties": { "nivel": "municipio", "codigo": "25001", "label": "Agua de Dios", "area": 0.007 }, "geometry": { "type": "Point", "coordinates": [ -74.66568, 4.37251 ] } },
{ "type": "Feature", "properties": { "nivel": "municipio", "codigo": "25019", "label": "Albán", "area": 0.0041 }, "geometry": { "type": "Point", "coordinates": [ -74.43516, 4.89269 ] } },
{ "type": "Feature", "properties": { "nivel": "municipio", "codigo": "25035", "label": "Anapoima", "area": 0.0101 }, "geometry": { "type": "Point", "coordinates": [ -74.52534, 4.56593 ] } },
{ "type": "Feature", "properties": { "nivel": "municipio", "codigo": "25040", "label": "Anolaima", "area": 0.0099 }, "geometry": { "type": "Point", "coordinates": [ -74.46414, 4.78795 ] } },
{ "type": "Feature", "properties": { "nivel": "municipio", "codigo": "25053", "label": "Arbeláez", "area": 0.0116 }, "geometry": { "type": "Point", "coordinates": [ -74.41162, 4.23431 ] } },
{ "type": "Feature", "properties": { "nivel": "municipio", "codigo": "25086", "label": "Beltrán", "area": 0.0144 }, "geometry": { "type": "Point", "coordinates": [ -74.78102, 4.71512 ] } },
{ "type": "Feature", "properties": { "nivel": "municipio", "codigo": "25095", "label": "Bituima", "area": 0.005 }, "geometry": { "type": "Point", "coordinates": [ -74.52404, 4.86581 ] } },
{ "type": "Feature", "properties": { "nivel": "municipio", "codigo": "25099", "label": "Bojacá", "area": 0.0083 }, "geometry": { "type": "Point", "coordinates": [ -74.32753, 4.68712 ] } },
{ "type": "Feature", "properties": { "nivel": "municipio", "codigo": "25120", "label": "Cabrera", "area": 0.0343 }, "geometry": { "type": "Point", "coordinates": [ -74.44824, 3.88358 ] } },
{ "type": "Feature", "properties": { "nivel": "municipio", "codigo": "25123", "label": "Cachipay", "area": 0.0044 }, "geometry": { "type": "Point", "coordinates": [ -74.45731, 4.72809 ] } },
{ "type": "Feature", "properties": { "nivel": "municipio", "codigo": "25126", "label": "Cajicá", "area": 0.0041 }, "geometry": { "type": "Point", "coordinates": [ -74.03049, 4.93489 ] } },
{ "type": "Feature", "properties": { "nivel": "municipio", "codigo": "25148", "label": "Caparrapí", "area": 0.0502 }, "geometry": { "type": "Point", "coordinates": [ -74.52443, 5.37247 ] } },
{ "type": "Feature", "properties": { "nivel": "municipio", "codigo": "25151", "label": "Cáqueza", "area": 0.0091 }, "geometry": { "type": "Point", "coordinates": [ -73.94438, 4.39533 ] } },
{ "type": "Feature", "properties": { "nivel": "municipio", "codigo": "25154", "label": "Carmen de Carupa", "area": 0.0244 }, "geometry": { "type": "Point", "coordinates": [ -73.92304, 5.33577 ] } },
{ "type": "Feature", "properties": { "nivel": "municipio", "codigo": "25168", "label": "Chaguaní", "area": 0.014 }, "geometry": { "type": "Point", "coordinates": [ -74.62418, 4.95028 ] } },
{ "type": "Feature", "properties": { "nivel": "municipio", "codigo": "25175", "label": "Chía", "area": 0.0066 }, "geometry": { "type": "Point", "coordinates": [ -74.03655, 4.8694 ] } },
{ "type": "Feature", "properties": { "nivel": "municipio", "codigo": "25178", "label": "Chipaque", "area": 0.0123 }, "geometry": { "type": "Point", "coordinates": [ -74.08646, 4.4082 ] } },
{ "type": "Feature", "properties": { "nivel": "municipio", "codigo": "25181", "label": "Choachí", "area": 0.0173 }, "geometry": { "type": "Point", "coordinates": [ -73.91901, 4.57737 ] } },
{ "type": "Feature", "properties": { "nivel": "municipio", "codigo": "25183", "label": "Chocontá", "area": 0.0245 }, "geometry": { "type": "Point", "coordinates": [ -73.68938, 5.11323 ] } },
{ "type": "Feature", "properties": { "nivel": "municipio", "codigo": "25200", "label": "Cogua", "area": 0.0108 }, "geometry": { "type": "Point", "coordinates": [ -73.96392, 5.10838 ] } },
{ "type": "Feature", "properties": { "nivel": "municipio", "codigo": "25214", "label": "Cota", "area": 0.0044 }, "geometry": { "type": "Point", "coordinates": [ -74.13464, 4.78596 ] } },
{ "type": "Feature", "properties": { "nivel": "municipio", "codigo": "25224", "label": "Cucunubá", "area": 0.009 }, "geometry": { "type": "Point", "coordinates": [ -73.77006, 5.23132 ] } },
{ "type": "Feature", "properties": { "nivel": "municipio", "codigo": "25245", "label": "El Colegio", "area": 0.0096 }, "geometry": { "type": "Point", "coordinates": [ -74.4258, 4.5611 ] } },
{ "type": "Feature", "properties": { "nivel": "municipio", "codigo": "25258", "label": "El Peñón", "area": 0.0109 }, "geometry": { "type": "Point", "coordinates": [ -74.29387, 5.26615 ] } },
{ "type": "Feature", "properties": { "nivel": "municipio", "codigo": "25260", "label": "El Rosal", "area": 0.0071 }, "geometry": { "type": "Point", "coordinates": [ -74.23513, 4.88426 ] } },
{ "type": "Feature", "properties": { "nivel": "municipio", "codigo": "25269", "label": "Facatativá", "area": 0.0129 }, "geometry": { "type": "Point", "coordinates": [ -74.3351, 4.83077 ] } },
{ "type": "Feature", "properties": { "nivel": "municipio", "codigo": "25279", "label": "Fómeque", "area": 0.0375 }, "geometry": { "type": "Point", "coordinates": [ -73.78146, 4.53545 ] } },
{ "type": "Feature", "properties": { "nivel": "municipio", "codigo": "25281", "label": "Fosca", "area": 0.0091 }, "geometry": { "type": "Point", "coordinates": [ -73.95542, 4.318 ] } },
{ "type": "Feature", "properties": { "nivel": "municipio", "codigo": "25286", "label": "Funza", "area": 0.0055 }, "geometry": { "type": "Point", "coordinates": [ -74.19557, 4.74606 ] } },
{ "type": "Feature", "properties": { "nivel": "municipio", "codigo": "25288", "label": "Fúquene", "area": 0.0063 }, "geometry": { "type": "Point", "coordinates": [ -73.77328, 5.4091 ] } },
{ "type": "Feature", "properties": { "nivel": "municipio", "codigo": "25290", "label": "Fusagasugá", "area": 0.0158 }, "geometry": { "type": "Point", "coordinates": [ -74.39006, 4.32737 ] } },
{ "type": "Feature", "properties": { "nivel": "municipio", "codigo": "25293", "label": "Gachalá", "area": 0.0314 }, "geometry": { "type": "Point", "coordinates": [ -73.49166, 4.66403 ] } },
{ "type": "Feature", "properties": { "nivel": "municipio", "codigo": "25295", "label": "Gachancipá", "area": 0.0035 }, "geometry": { "type": "Point", "coordinates": [ -73.87279, 5.00557 ] } },
{ "type": "Feature", "properties": { "nivel": "municipio", "codigo": "25297", "label": "Gachetá", "area": 0.0211 }, "geometry": { "type": "Point", "coordinates": [ -73.60883, 4.87103 ] } },
{ "type": "Feature", "properties": { "nivel": "municipio", "codigo": "25299", "label": "Gama", "area": 0.0088 }, "geometry": { "type": "Point", "coordinates": [ -73.60385, 4.72749 ] } },
{ "type": "Feature", "properties": { "nivel": "municipio", "codigo": "25307", "label": "Girardot", "area": 0.0106 }, "geometry": { "type": "Point", "coordinates": [ -74.80352, 4.35009 ] } },
{ "type": "Feature", "properties": { "nivel": "municipio", "codigo": "25312", "label": "Granada", "area": 0.0049 }, "geometry": { "type": "Point", "coordinates": [ -74.33565, 4.52539 ] } },
{ "type": "Feature", "properties": { "nivel": "municipio", "codigo": "25317", "label": "Guachetá", "area": 0.0139 }, "geometry": { "type": "Point", "coordinates": [ -73.67228, 5.39127 ] } },
{ "type": "Feature", "properties": { "nivel": "municipio", "codigo": "25320", "label": "Guaduas", "area": 0.0623 }, "geometry": { "type": "Point", "coordinates": [ -74.66624, 5.2041 ] } },
{ "type": "Feature", "properties": { "nivel": "municipio", "codigo": "25322", "label": "Guasca", "area": 0.0294 }, "geometry": { "type": "Point", "coordinates": [ -73.85458, 4.80197 ] } },
{ "type": "Feature", "properties": { "nivel": "municipio", "codigo": "25324", "label": "Guataquí", "area": 0.0074 }, "geometry": { "type": "Point", "coordinates": [ -74.76721, 4.50644 ] } },
{ "type": "Feature", "properties": { "nivel": "municipio", "codigo": "25326", "label": "Guatavita", "area": 0.0206 }, "geometry": { "type": "Point", "coordinates": [ -73.78569, 4.90573 ] } },
{ "type": "Feature", "properties": { "nivel": "municipio", "codigo": "25328", "label": "Guayabal de Síquima", "area": 0.005 }, "geometry": { "type": "Point", "coordinates": [ -74.48178, 4.88847 ] } },
{ "type": "Feature", "properties": { "nivel": "municipio", "codigo": "25335", "label": "Guayabetal", "area": 0.0182 }, "geometry": { "type": "Point", "coordinates": [ -73.83208, 4.24763 ] } },
{ "type": "Feature", "properties": { "nivel": "municipio", "codigo": "25339", "label": "Gutiérrez", "area": 0.0369 }, "geometry": { "type": "Point", "coordinates": [ -74.02343, 4.14861 ] } },
{ "type": "Feature", "properties": { "nivel": "municipio", "codigo": "25368", "label": "Jerusalén", "area": 0.0181 }, "geometry": { "type": "Point", "coordinates": [ -74.69979, 4.5577 ] } },
{ "type": "Feature", "properties": { "nivel": "municipio", "codigo": "25372", "label": "Junín", "area": 0.028 }, "geometry": { "type": "Point", "coordinates": [ -73.7143, 4.69108 ] } },
{ "type": "Feature", "properties": { "nivel": "municipio", "codigo": "25377", "label": "La Calera", "area": 0.0266 }, "geometry": { "type": "Point", "coordinates": [ -73.9319, 4.70651 ] } },
{ "type": "Feature", "properties": { "nivel": "municipio", "codigo": "25386", "label": "La Mesa", "area": 0.0121 }, "geometry": { "type": "Point", "coordinates": [ -74.48764, 4.64627 ] } },
{ "type": "Feature", "properties": { "nivel": "municipio", "codigo": "25394", "label": "La Palma", "area": 0.0156 }, "geometry": { "type": "Point", "coordinates": [ -74.40405, 5.34735 ] } },
{ "type": "Feature", "properties": { "nivel": "municipio", "codigo": "25398", "label": "La Peña", "area": 0.0105 }, "geometry": { "type": "Point", "coordinates": [ -74.40509, 5.20206 ] } },
{ "type": "Feature", "properties": { "nivel": "municipio", "codigo": "25402", "label": "La Vega", "area": 0.0127 }, "geometry": { "type": "Point", "coordinates": [ -74.34761, 4.98171 ] } },
{ "type": "Feature", "properties": { "nivel": "municipio", "codigo": "25407", "label": "Lenguazaque", "area": 0.0127 }, "geometry": { "type": "Point", "coordinates": [ -73.69215, 5.30352 ] } },
{ "type": "Feature", "properties": { "nivel": "municipio", "codigo": "25426", "label": "Machetá", "area": 0.0187 }, "geometry": { "type": "Point", "coordinates": [ -73.6089, 5.0409 ] } },
{ "type": "Feature", "properties": { "nivel": "municipio", "codigo": "25430", "label": "Madrid", "area": 0.0097 }, "geometry": { "type": "Point", "coordinates": [ -74.28479, 4.76995 ] } },
{ "type": "Feature", "properties": { "nivel": "municipio", "codigo": "25436", "label": "Manta", "area": 0.0088 }, "geometry": { "type": "Point", "coordinates": [ -73.55239, 4.9927 ] } },
{ "type": "Feature", "properties": { "nivel": "municipio", "codigo": "25438", "label": "Medina", "area": 0.0975 }, "geometry": { "type": "Point", "coordinates": [ -73.41208, 4.47755 ] } },
{ "type": "Feature", "properties": { "nivel": "municipio", "codigo": "25473", "label": "Mosquera", "area": 0.0086 }, "geometry": { "type": "Point", "coordinates": [ -74.231, 4.67761 ] } },
{ "type": "Feature", "properties": { "nivel": "municipio", "codigo": "25483", "label": "Nariño", "area": 0.0045 }, "geometry": { "type": "Point", "coordinates": [ -74.81167, 4.40508 ] } },
{ "type": "Feature", "properties": { "nivel": "municipio", "codigo": "25486", "label": "Nemocón", "area": 0.008 }, "geometry": { "type": "Point", "coordinates": [ -73.87768, 5.09436 ] } },
{ "type": "Feature", "properties": { "nivel": "municipio", "codigo": "25488", "label": "Nilo", "area": 0.0183 }, "geometry": { "type": "Point", "coordinates": [ -74.61356, 4.28607 ] } },
{ "type": "Feature", "properties": { "nivel": "municipio", "codigo": "25489", "label": "Nimaima", "area": 0.0049 }, "geometry": { "type": "Point", "coordinates": [ -74.38541, 5.13487 ] } },
{ "type": "Feature", "properties": { "nivel": "municipio", "codigo": "25491", "label": "Nocaima", "area": 0.0056 }, "geometry": { "type": "Point", "coordinates": [ -74.38087, 5.06254 ] } },
{ "type": "Feature", "properties": { "nivel": "municipio", "codigo": "25506", "label": "Venecia", "area": 0.01 }, "geometry": { "type": "Point", "coordinates": [ -74.4509, 4.06949 ] } },
{ "type": "Feature", "properties": { "nivel": "municipio", "codigo": "25513", "label": "Pacho", "area": 0.0328 }, "geometry": { "type": "Point", "coordinates": [ -74.16022, 5.1665 ] } },
{ "type": "Feature", "properties": { "nivel": "municipio", "codigo": "25518", "label": "Paime", "area": 0.0142 }, "geometry": { "type": "Point", "coordinates": [ -74.17351, 5.38563 ] } },
{ "type": "Feature", "properties": { "nivel": "municipio", "codigo": "25524", "label": "Pandi", "area": 0.0058 }, "geometry": { "type": "Point", "coordinates": [ -74.46163, 4.17728 ] } },
{ "type": "Feature", "properties": { "nivel": "municipio", "codigo": "25530", "label": "Paratebueno", "area": 0.0721 }, "geometry": { "type": "Point", "coordinates": [ -73.15936, 4.47639 ] } },
{ "type": "Feature", "properties": { "nivel": "municipio", "codigo": "25535", "label": "Pasca", "area": 0.0221 }, "geometry": { "type": "Point", "coordinates": [ -74.28328, 4.29736 ] } },
{ "type": "Feature", "properties": { "nivel": "municipio", "codigo": "25572", "label": "Puerto Salgar", "area": 0.0421 }, "geometry": { "type": "Point", "coordinates": [ -74.5921, 5.58759 ] } },
{ "type": "Feature", "properties": { "nivel": "municipio", "codigo": "25580", "label": "Pulí", "area": 0.0161 }, "geometry": { "type": "Point", "coordinates": [ -74.67544, 4.68943 ] } },
{ "type": "Feature", "properties": { "nivel": "municipio", "codigo": "25592", "label": "Quebradanegra", "area": 0.0065 }, "geometry": { "type": "Point", "coordinates": [ -74.49541, 5.1068 ] } },
{ "type": "Feature", "properties": { "nivel": "municipio", "codigo": "25594", "label": "Quetame", "area": 0.0112 }, "geometry": { "type": "Point", "coordinates": [ -73.84989, 4.32962 ] } },
{ "type": "Feature", "properties": { "nivel": "municipio", "codigo": "25596", "label": "Quipile", "area": 0.0104 }, "geometry": { "type": "Point", "coordinates": [ -74.54852, 4.71031 ] } },
{ "type": "Feature", "properties": { "nivel": "municipio", "codigo": "25599", "label": "Apulo", "area": 0.0099 }, "geometry": { "type": "Point", "coordinates": [ -74.5868, 4.53607 ] } },
{ "type": "Feature", "properties": { "nivel": "municipio", "codigo": "25612", "label": "Ricaurte", "area": 0.0104 }, "geometry": { "type": "Point", "coordinates": [ -74.7141, 4.30985 ] } },
{ "type": "Feature", "properties": { "nivel": "municipio", "codigo": "25645", "label": "San Antonio del Tequendama", "area": 0.0072 }, "geometry": { "type": "Point", "coordinates": [ -74.34759, 4.60117 ] } },
{ "type": "Feature", "properties": { "nivel": "municipio", "codigo": "25649", "label": "San Bernardo", "area": 0.0201 }, "geometry": { "type": "Point", "coordinates": [ -74.38359, 4.13066 ] } },
{ "type": "Feature", "properties": { "nivel": "municipio", "codigo": "25653", "label": "San Cayetano", "area": 0.0235 }, "geometry": { "type": "Point", "coordinates": [ -74.06235, 5.33394 ] } },
{ "type": "Feature", "properties": { "nivel": "municipio", "codigo": "25658", "label": "San Francisco", "area": 0.0097 }, "geometry": { "type": "Point", "coordinates": [ -74.2662, 4.95258 ] } },
{ "type": "Feature", "properties": { "nivel": "municipio", "codigo": "25662", "label": "San Juan de Rioseco", "area": 0.0256 }, "geometry": { "type": "Point", "coordinates": [ -74.67318, 4.85142 ] } },
{ "type": "Feature", "properties": { "nivel": "municipio", "codigo": "25718", "label": "Sasaima", "area": 0.0091 }, "geometry": { "type": "Point", "coordinates": [ -74.4296, 4.94707 ] } },
{ "type": "Feature", "properties": { "nivel": "municipio", "codigo": "25736", "label": "Sesquilé", "area": 0.0115 }, "geometry": { "type": "Point", "coordinates": [ -73.78974, 5.01522 ] } },
{ "type": "Feature", "properties": { "nivel": "municipio", "codigo": "25740", "label": "Sibaté", "area": 0.01 }, "geometry": { "type": "Point", "coordinates": [ -74.26476, 4.462 ] } },
{ "type": "Feature", "properties": { "nivel": "municipio", "codigo": "25743", "label": "Silvania", "area": 0.0132 }, "geometry": { "type": "Point", "coordinates": [ -74.36803, 4.4313 ] } },
{ "type": "Feature", "properties": { "nivel": "municipio", "codigo": "25745", "label": "Simijaca", "area": 0.0079 }, "geometry": { "type": "Point", "coordinates": [ -73.83837, 5.51483 ] } },
{ "type": "Feature", "properties": { "nivel": "municipio", "codigo": "25754", "label": "Soacha", "area": 0.0153 }, "geometry": { "type": "Point", "coordinates": [ -74.19783, 4.50701 ] } },
{ "type": "Feature", "properties": { "nivel": "municipio", "codigo": "25758", "label": "Sopó", "area": 0.0091 }, "geometry": { "type": "Point", "coordinates": [ -73.95352, 4.89326 ] } },
{ "type": "Feature", "properties": { "nivel": "municipio", "codigo": "25769", "label": "Subachoque", "area": 0.0171 }, "geometry": { "type": "Point", "coordinates": [ -74.16514, 4.96505 ] } },
{ "type": "Feature", "properties": { "nivel": "municipio", "codigo": "25772", "label": "Suesca", "area": 0.0141 }, "geometry": { "type": "Point", "coordinates": [ -73.80277, 5.13398 ] } },
{ "type": "Feature", "properties": { "nivel": "municipio", "codigo": "25777", "label": "Supatá", "area": 0.0106 }, "geometry": { "type": "Point", "coordinates": [ -74.23183, 5.0575 ] } },
{ "type": "Feature", "properties": { "nivel": "municipio", "codigo": "25779", "label": "Susa", "area": 0.0085 }, "geometry": { "type": "Point", "coordinates": [ -73.84007, 5.43922 ] } },
{ "type": "Feature", "properties": { "nivel": "municipio", "codigo": "25781", "label": "Sutatausa", "area": 0.0053 }, "geometry": { "type": "Point", "coordinates": [ -73.8576, 5.23798 ] } },
{ "type": "Feature", "properties": { "nivel": "municipio", "codigo": "25785", "label": "Tabio", "area": 0.0061 }, "geometry": { "type": "Point", "coordinates": [ -74.07925, 4.95169 ] } },
{ "type": "Feature", "properties": { "nivel": "municipio", "codigo": "25793", "label": "Tausa", "area": 0.0165 }, "geometry": { "type": "Point", "coordinates": [ -73.95556, 5.19332 ] } },
{ "type": "Feature", "properties": { "nivel": "municipio", "codigo": "25797", "label": "Tena", "area": 0.0042 }, "geometry": { "type": "Point", "coordinates": [ -74.38792, 4.64835 ] } },
{ "type": "Feature", "properties": { "nivel": "municipio", "codigo": "25799", "label": "Tenjo", "area": 0.0093 }, "geometry": { "type": "Point", "coordinates": [ -74.15315, 4.82733 ] } },
{ "type": "Feature", "properties": { "nivel": "municipio", "codigo": "25805", "label": "Tibacuy", "area": 0.0069 }, "geometry": { "type": "Point", "coordinates": [ -74.48056, 4.32317 ] } },
{ "type": "Feature", "properties": { "nivel": "municipio", "codigo": "25807", "label": "Tibirita", "area": 0.0046 }, "geometry": { "type": "Point", "coordinates": [ -73.51609, 5.08201 ] } },
{ "type": "Feature", "properties": { "nivel": "municipio", "codigo": "25815", "label": "Tocaima", "area": 0.02 }, "geometry": { "type": "Point", "coordinates": [ -74.65975, 4.48934 ] } },
{ "type": "Feature", "properties": { "nivel": "municipio", "codigo": "25817", "label": "Tocancipá", "area": 0.006 }, "geometry": { "type": "Point", "coordinates": [ -73.92059, 4.97082 ] } },
{ "type": "Feature", "properties": { "nivel": "municipio", "codigo": "25823", "label": "Topaipí", "area": 0.0117 }, "geometry": { "type": "Point", "coordinates": [ -74.28914, 5.34997 ] } },
{ "type": "Feature", "properties": { "nivel": "municipio", "codigo": "25839", "label": "Ubalá", "area": 0.0426 }, "geometry": { "type": "Point", "coordinates": [ -73.45846, 4.80312 ] } },
{ "type": "Feature", "properties": { "nivel": "municipio", "codigo": "25841", "label": "Ubaque", "area": 0.0087 }, "geometry": { "type": "Point", "coordinates": [ -73.9704, 4.50055 ] } },
{ "type": "Feature", "properties": { "nivel": "municipio", "codigo": "25843", "label": "Villa de San Diego de Ubaté", "area": 0.0083 }, "geometry": { "type": "Point", "coordinates": [ -73.82129, 5.31733 ] } },
{ "type": "Feature", "properties": { "nivel": "municipio", "codigo": "25845", "label": "Une", "area": 0.017 }, "geometry": { "type": "Point", "coordinates": [ -74.07148, 4.30514 ] } },
{ "type": "Feature", "properties": { "nivel": "municipio", "codigo": "25851", "label": "Útica", "area": 0.0075 }, "geometry": { "type": "Point", "coordinates": [ -74.48375, 5.19072 ] } },
{ "type": "Feature", "properties": { "nivel": "municipio", "codigo": "25862", "label": "Vergara", "area": 0.0118 }, "geometry": { "type": "Point", "coordinates": [ -74.29772, 5.12508 ] } },
{ "type": "Feature", "properties": { "nivel": "municipio", "codigo": "25867", "label": "Vianí", "area": 0.0055 }, "geometry": { "type": "Point", "coordinates": [ -74.5646, 4.88131 ] } },
{ "type": "Feature", "properties": { "nivel": "municipio", "codigo": "25871", "label": "Villagómez", "area": 0.0051 }, "geometry": { "type": "Point", "coordinates": [ -74.18539, 5.26673 ] } },
{ "type": "Feature", "properties": { "nivel": "municipio", "codigo": "25873", "label": "Villapinzón", "area": 0.0184 }, "geometry": { "type": "Point", "coordinates": [ -73.59442, 5.24483 ] } },
{ "type": "Feature", "properties": { "nivel": "municipio", "codigo": "25875", "label": "Villeta", "area": 0.0115 }, "geometry": { "type": "Point", "coordinates": [ -74.48648, 5.00561 ] } },
{ "type": "Feature", "properties": { "nivel": "municipio", "codigo": "25878", "label": "Viotá", "area": 0.0164 }, "geometry": { "type": "Point", "coordinates": [ -74.49802, 4.43856 ] } },
{ "type": "Feature", "properties": { "nivel": "municipio", "codigo": "25885", "label": "Yacopí", "area": 0.0781 }, "geometry": { "type": "Point", "coordinates": [ -74.41415, 5.61183 ] } },
{ "type": "Feature", "properties": { "nivel": "municipio", "codigo": "25898", "label": "Zipacón", "area": 0.0044 }, "geometry": { "type": "Point", "coordinates": [ -74.38131, 4.75268 ] } },
{ "type": "Feature", "properties": { "nivel": "municipio", "codigo": "25899", "label": "Zipaquirá", "area": 0.0159 }, "geometry": { "type": "Point", "coordinates": [ -74.05788, 5.06086 ] } },
{ "type": "Feature", "properties": { "nivel": "municipio", "codigo": "27001", "label": "Quibdó", "area": 0.2858 }, "geometry": { "type": "Point", "coordinates": [ -76.34448, 5.98381 ] } },
{ "type": "Feature", "properties": { "nivel": "municipio", "codigo": "27006", "label": "Acandí", "area": 0.0653 }, "geometry": { "type": "Point", "coordinates": [ -77.32517, 8.47369 ] } },
{ "type": "Feature", "properties": { "nivel": "municipio", "codigo": "27025", "label": "Alto Baudó", "area": 0.1669 }, "geometry": { "type": "Point", "coordinates": [ -77.08117, 5.66328 ] } },
{ "type": "Feature", "properties": { "nivel": "municipio", "codigo": "27050", "label": "Atrato", "area": 0.0343 }, "geometry": { "type": "Point", "coordinates": [ -76.64156, 5.54856 ] } },
{ "type": "Feature", "properties": { "nivel": "municipio", "codigo": "27073", "label": "Bagadó", "area": 0.0658 }, "geometry": { "type": "Point", "coordinates": [ -76.19762, 5.5114 ] } },
{ "type": "Feature", "properties": { "nivel": "municipio", "codigo": "27075", "label": "Bahía Solano", "area": 0.0729 }, "geometry": { "type": "Point", "coordinates": [ -77.33827, 6.39789 ] } },
{ "type": "Feature", "properties": { "nivel": "municipio", "codigo": "27077", "label": "Bajo Baudó", "area": 0.2829 }, "geometry": { "type": "Point", "coordinates": [ -77.30337, 5.00241 ] } },
{ "type": "Feature", "properties": { "nivel": "municipio", "codigo": "27099", "label": "Bojayá", "area": 0.296 }, "geometry": { "type": "Point", "coordinates": [ -77.0545, 6.44097 ] } },
{ "type": "Feature", "properties": { "nivel": "municipio", "codigo": "27135", "label": "El Cantón del San Pablo", "area": 0.031 }, "geometry": { "type": "Point", "coordinates": [ -76.76395, 5.37689 ] } },
{ "type": "Feature", "properties": { "nivel": "municipio", "codigo": "27150", "label": "Carmen del Darién", "area": 0.2749 }, "geometry": { "type": "Point", "coordinates": [ -76.90674, 7.04989 ] } },
{ "type": "Feature", "properties": { "nivel": "municipio", "codigo": "27160", "label": "Cértegui", "area": 0.0345 }, "geometry": { "type": "Point", "coordinates": [ -76.52538, 5.38466 ] } },
{ "type": "Feature", "properties": { "nivel": "municipio", "codigo": "27205", "label": "Condoto", "area": 0.0381 }, "geometry": { "type": "Point", "coordinates": [ -76.51093, 5.09579 ] } },
{ "type": "Feature", "properties": { "nivel": "municipio", "codigo": "27245", "label": "El Carmen de Atrato", "area": 0.0677 }, "geometry": { "type": "Point", "coordinates": [ -76.2082, 5.83834 ] } },
{ "type": "Feature", "properties": { "nivel": "municipio", "codigo": "27250", "label": "El Litoral del San Juan", "area": 0.336 }, "geometry": { "type": "Point", "coordinates": [ -76.98834, 4.26901 ] } },
{ "type": "Feature", "properties": { "nivel": "municipio", "codigo": "27361", "label": "Istmina", "area": 0.1529 }, "geometry": { "type": "Point", "coordinates": [ -76.91011, 4.83146 ] } },
{ "type": "Feature", "properties": { "nivel": "municipio", "codigo": "27372", "label": "Juradó", "area": 0.1021 }, "geometry": { "type": "Point", "coordinates": [ -77.65703, 7.07364 ] } },
{ "type": "Feature", "properties": { "nivel": "municipio", "codigo": "27413", "label": "Lloró", "area": 0.0687 }, "geometry": { "type": "Point", "coordinates": [ -76.37197, 5.58499 ] } },
{ "type": "Feature", "properties": { "nivel": "municipio", "codigo": "27425", "label": "Medio Atrato", "area": 0.1478 }, "geometry": { "type": "Point", "coordinates": [ -76.69135, 6.01059 ] } },
{ "type": "Feature", "properties": { "nivel": "municipio", "codigo": "27430", "label": "Medio Baudó", "area": 0.1116 }, "geometry": { "type": "Point", "coordinates": [ -76.98653, 5.14775 ] } },
{ "type": "Feature", "properties": { "nivel": "municipio", "codigo": "27450", "label": "Medio San Juan", "area": 0.054 }, "geometry": { "type": "Point", "coordinates": [ -76.8361, 4.80815 ] } },
{ "type": "Feature", "properties": { "nivel": "municipio", "codigo": "27491", "label": "Nóvita", "area": 0.0769 }, "geometry": { "type": "Point", "coordinates": [ -76.64401, 4.84182 ] } },
{ "type": "Feature", "properties": { "nivel": "municipio", "codigo": "27493", "label": "Nuevo Belén de Bajirá", "area": 0.1053 }, "geometry": { "type": "Point", "coordinates": [ -76.8409, 7.45684 ] } },
{ "type": "Feature", "properties": { "nivel": "municipio", "codigo": "27495", "label": "Nuquí", "area": 0.0573 }, "geometry": { "type": "Point", "coordinates": [ -77.21386, 5.74562 ] } },
{ "type": "Feature", "properties": { "nivel": "municipio", "codigo": "27580", "label": "Río Iró", "area": 0.0265 }, "geometry": { "type": "Point", "coordinates": [ -76.44331, 5.18096 ] } },
{ "type": "Feature", "properties": { "nivel": "municipio", "codigo": "27600", "label": "Río Quito", "area": 0.0569 }, "geometry": { "type": "Point", "coordinates": [ -76.79194, 5.55167 ] } },
{ "type": "Feature", "properties": { "nivel": "municipio", "codigo": "27615", "label": "Riosucio", "area": 0.5008 }, "geometry": { "type": "Point", "coordinates": [ -77.32282, 7.34076 ] } },
{ "type": "Feature", "properties": { "nivel": "municipio", "codigo": "27660", "label": "San José del Palmar", "area": 0.1288 }, "geometry": { "type": "Point", "coordinates": [ -76.25746, 4.96656 ] } },
{ "type": "Feature", "properties": { "nivel": "municipio", "codigo": "27745", "label": "Sipí", "area": 0.1283 }, "geometry": { "type": "Point", "coordinates": [ -76.52077, 4.56497 ] } },
{ "type": "Feature", "properties": { "nivel": "municipio", "codigo": "27787", "label": "Tadó", "area": 0.0582 }, "geometry": { "type": "Point", "coordinates": [ -76.28685, 5.26725 ] } },
{ "type": "Feature", "properties": { "nivel": "municipio", "codigo": "27800", "label": "Unguía", "area": 0.0974 }, "geometry": { "type": "Point", "coordinates": [ -77.08739, 8.09845 ] } },
{ "type": "Feature", "properties": { "nivel": "municipio", "codigo": "27810", "label": "Unión Panamericana", "area": 0.0145 }, "geometry": { "type": "Point", "coordinates": [ -76.63927, 5.29492 ] } },
{ "type": "Feature", "properties": { "nivel": "municipio", "codigo": "41001", "label": "Neiva", "area": 0.1033 }, "geometry": { "type": "Point", "coordinates": [ -75.26046, 3.0036 ] } },
{ "type": "Feature", "properties": { "nivel": "municipio", "codigo": "41006", "label": "Acevedo", "area": 0.0424 }, "geometry": { "type": "Point", "coordinates": [ -76.01246, 1.70597 ] } },
{ "type": "Feature", "properties": { "nivel": "municipio", "codigo": "41013", "label": "Agrado", "area": 0.0222 }, "geometry": { "type": "Point", "coordinates": [ -75.71242, 2.26318 ] } },
{ "type": "Feature", "properties": { "nivel": "municipio", "codigo": "41016", "label": "Aipe", "area": 0.0647 }, "geometry": { "type": "Point", "coordinates": [ -75.29408, 3.23868 ] } },
{ "type": "Feature", "properties": { "nivel": "municipio", "codigo": "41020", "label": "Algeciras", "area": 0.0479 }, "geometry": { "type": "Point", "coordinates": [ -75.30025, 2.51169 ] } },
{ "type": "Feature", "properties": { "nivel": "municipio", "codigo": "41026", "label": "Altamira", "area": 0.0147 }, "geometry": { "type": "Point", "coordinates": [ -75.77623, 2.0794 ] } },
{ "type": "Feature", "properties": { "nivel": "municipio", "codigo": "41078", "label": "Baraya", "area": 0.0639 }, "geometry": { "type": "Point", "coordinates": [ -74.98775, 3.12399 ] } },
{ "type": "Feature", "properties": { "nivel": "municipio", "codigo": "41132", "label": "Campoalegre", "area": 0.0376 }, "geometry": { "type": "Point", "coordinates": [ -75.32488, 2.64457 ] } },
{ "type": "Feature", "properties": { "nivel": "municipio", "codigo": "41206", "label": "Colombia", "area": 0.129 }, "geometry": { "type": "Point", "coordinates": [ -74.70298, 3.46981 ] } },
{ "type": "Feature", "properties": { "nivel": "municipio", "codigo": "41244", "label": "Elías", "area": 0.0065 }, "geometry": { "type": "Point", "coordinates": [ -75.95195, 2.00259 ] } },
{ "type": "Feature", "properties": { "nivel": "municipio", "codigo": "41298", "label": "Garzón", "area": 0.0493 }, "geometry": { "type": "Point", "coordinates": [ -75.56283, 2.16287 ] } },
{ "type": "Feature", "properties": { "nivel": "municipio", "codigo": "41306", "label": "Gigante", "area": 0.0409 }, "geometry": { "type": "Point", "coordinates": [ -75.52816, 2.3929 ] } },
{ "type": "Feature", "properties": { "nivel": "municipio", "codigo": "41319", "label": "Guadalupe", "area": 0.0203 }, "geometry": { "type": "Point", "coordinates": [ -75.69932, 1.98496 ] } },
{ "type": "Feature", "properties": { "nivel": "municipio", "codigo": "41349", "label": "Hobo", "area": 0.0158 }, "geometry": { "type": "Point", "coordinates": [ -75.44902, 2.56528 ] } },
{ "type": "Feature", "properties": { "nivel": "municipio", "codigo": "41357", "label": "Íquira", "area": 0.029 }, "geometry": { "type": "Point", "coordinates": [ -75.6611, 2.666 ] } },
{ "type": "Feature", "properties": { "nivel": "municipio", "codigo": "41359", "label": "Isnos", "area": 0.0301 }, "geometry": { "type": "Point", "coordinates": [ -76.32426, 2.06657 ] } },
{ "type": "Feature", "properties": { "nivel": "municipio", "codigo": "41378", "label": "La Argentina", "area": 0.0289 }, "geometry": { "type": "Point", "coordinates": [ -76.01245, 2.18704 ] } },
{ "type": "Feature", "properties": { "nivel": "municipio", "codigo": "41396", "label": "La Plata", "area": 0.0662 }, "geometry": { "type": "Point", "coordinates": [ -75.98958, 2.328 ] } },
{ "type": "Feature", "properties": { "nivel": "municipio", "codigo": "41483", "label": "Nátaga", "area": 0.0107 }, "geometry": { "type": "Point", "coordinates": [ -75.79429, 2.57778 ] } },
{ "type": "Feature", "properties": { "nivel": "municipio", "codigo": "41503", "label": "Oporapa", "area": 0.0127 }, "geometry": { "type": "Point", "coordinates": [ -76.04627, 2.06487 ] } },
{ "type": "Feature", "properties": { "nivel": "municipio", "codigo": "41518", "label": "Paicol", "area": 0.0226 }, "geometry": { "type": "Point", "coordinates": [ -75.71136, 2.40499 ] } },
{ "type": "Feature", "properties": { "nivel": "municipio", "codigo": "41524", "label": "Palermo", "area": 0.0719 }, "geometry": { "type": "Point", "coordinates": [ -75.4109, 2.91361 ] } },
{ "type": "Feature", "properties": { "nivel": "municipio", "codigo": "41530", "label": "Palestina", "area": 0.016 }, "geometry": { "type": "Point", "coordinates": [ -76.15833, 1.6739 ] } },
{ "type": "Feature", "properties": { "nivel": "municipio", "codigo": "41548", "label": "Pital", "area": 0.0157 }, "geometry": { "type": "Point", "coordinates": [ -75.83677, 2.25725 ] } },
{ "type": "Feature", "properties": { "nivel": "municipio", "codigo": "41551", "label": "Pitalito", "area": 0.0512 }, "geometry": { "type": "Point", "coordinates": [ -76.09209, 1.83132 ] } },
{ "type": "Feature", "properties": { "nivel": "municipio", "codigo": "41615", "label": "Rivera", "area": 0.0204 }, "geometry": { "type": "Point", "coordinates": [ -75.24889, 2.77947 ] } },
{ "type": "Feature", "properties": { "nivel": "municipio", "codigo": "41660", "label": "Saladoblanco", "area": 0.0379 }, "geometry": { "type": "Point", "coordinates": [ -76.26812, 2.11529 ] } },
{ "type": "Feature", "properties": { "nivel": "municipio", "codigo": "41668", "label": "San Agustín", "area": 0.1128 }, "geometry": { "type": "Point", "coordinates": [ -76.44949, 1.92673 ] } },
{ "type": "Feature", "properties": { "nivel": "municipio", "codigo": "41676", "label": "Santa María", "area": 0.0276 }, "geometry": { "type": "Point", "coordinates": [ -75.64433, 2.9224 ] } },
{ "type": "Feature", "properties": { "nivel": "municipio", "codigo": "41770", "label": "Suaza", "area": 0.0349 }, "geometry": { "type": "Point", "coordinates": [ -75.8215, 1.86877 ] } },
{ "type": "Feature", "properties": { "nivel": "municipio", "codigo": "41791", "label": "Tarqui", "area": 0.0295 }, "geometry": { "type": "Point", "coordinates": [ -75.86672, 2.12697 ] } },
{ "type": "Feature", "properties": { "nivel": "municipio", "codigo": "41797", "label": "Tesalia", "area": 0.0298 }, "geometry": { "type": "Point", "coordinates": [ -75.70393, 2.54441 ] } },
{ "type": "Feature", "properties": { "nivel": "municipio", "codigo": "41799", "label": "Tello", "area": 0.0431 }, "geometry": { "type": "Point", "coordinates": [ -75.09089, 3.03941 ] } },
{ "type": "Feature", "properties": { "nivel": "municipio", "codigo": "41801", "label": "Teruel", "area": 0.0383 }, "geometry": { "type": "Point", "coordinates": [ -75.7513, 2.83174 ] } },
{ "type": "Feature", "properties": { "nivel": "municipio", "codigo": "41807", "label": "Timaná", "area": 0.0151 }, "geometry": { "type": "Point", "coordinates": [ -75.92751, 1.94962 ] } },
{ "type": "Feature", "properties": { "nivel": "municipio", "codigo": "41872", "label": "Villavieja", "area": 0.0442 }, "geometry": { "type": "Point", "coordinates": [ -75.1219, 3.28346 ] } },
{ "type": "Feature", "properties": { "nivel": "municipio", "codigo": "41885", "label": "Yaguará", "area": 0.0271 }, "geometry": { "type": "Point", "coordinates": [ -75.52676, 2.6313 ] } },
{ "type": "Feature", "properties": { "nivel": "municipio", "codigo": "44001", "label": "Riohacha", "area": 0.2556 }, "geometry": { "type": "Point", "coordinates": [ -72.88251, 11.23521 ] } },
{ "type": "Feature", "properties": { "nivel": "municipio", "codigo": "44035", "label": "Albania", "area": 0.0452 }, "geometry": { "type": "Point", "coordinates": [ -72.51578, 11.24488 ] } },
{ "type": "Feature", "properties": { "nivel": "municipio", "codigo": "44078", "label": "Barrancas", "area": 0.0662 }, "geometry": { "type": "Point", "coordinates": [ -72.69581, 10.97797 ] } },
{ "type": "Feature", "properties": { "nivel": "municipio", "codigo": "44090", "label": "Dibulla", "area": 0.1448 }, "geometry": { "type": "Point", "coordinates": [ -73.45448, 11.08293 ] } },
{ "type": "Feature", "properties": { "nivel": "municipio", "codigo": "44098", "label": "Distracción", "area": 0.0192 }, "geometry": { "type": "Point", "coordinates": [ -72.9458, 10.91105 ] } },
{ "type": "Feature", "properties": { "nivel": "municipio", "codigo": "44110", "label": "El Molino", "area": 0.02 }, "geometry": { "type": "Point", "coordinates": [ -72.8732, 10.62749 ] } },
{ "type": "Feature", "properties": { "nivel": "municipio", "codigo": "44279", "label": "Fonseca", "area": 0.0391 }, "geometry": { "type": "Point", "coordinates": [ -72.78447, 10.84307 ] } },
{ "type": "Feature", "properties": { "nivel": "municipio", "codigo": "44378", "label": "Hatonuevo", "area": 0.0178 }, "geometry": { "type": "Point", "coordinates": [ -72.76213, 11.09579 ] } },
{ "type": "Feature", "properties": { "nivel": "municipio", "codigo": "44420", "label": "La Jagua del Pilar", "area": 0.0148 }, "geometry": { "type": "Point", "coordinates": [ -73.10436, 10.46615 ] } },
{ "type": "Feature", "properties": { "nivel": "municipio", "codigo": "44430", "label": "Maicao", "area": 0.1464 }, "geometry": { "type": "Point", "coordinates": [ -72.31342, 11.40489 ] } },
{ "type": "Feature", "properties": { "nivel": "municipio", "codigo": "44560", "label": "Manaure", "area": 0.1341 }, "geometry": { "type": "Point", "coordinates": [ -72.60425, 11.626 ] } },
{ "type": "Feature", "properties": { "nivel": "municipio", "codigo": "44650", "label": "San Juan del Cesar", "area": 0.1084 }, "geometry": { "type": "Point", "coordinates": [ -73.08449, 10.81286 ] } },
{ "type": "Feature", "properties": { "nivel": "municipio", "codigo": "44847", "label": "Uribia", "area": 0.6537 }, "geometry": { "type": "Point", "coordinates": [ -71.67661, 11.99172 ] } },
{ "type": "Feature", "properties": { "nivel": "municipio", "codigo": "44855", "label": "Urumita", "area": 0.0203 }, "geometry": { "type": "Point", "coordinates": [ -72.93601, 10.49508 ] } },
{ "type": "Feature", "properties": { "nivel": "municipio", "codigo": "44874", "label": "Villanueva", "area": 0.0215 }, "geometry": { "type": "Point", "coordinates": [ -72.99222, 10.58678 ] } },
{ "type": "Feature", "properties": { "nivel": "municipio", "codigo": "47001", "label": "Santa Marta", "area": 0.1942 }, "geometry": { "type": "Point", "coordinates": [ -73.87956, 11.08642 ] } },
{ "type": "Feature", "properties": { "nivel": "municipio", "codigo": "47030", "label": "Algarrobo", "area": 0.0335 }, "geometry": { "type": "Point", "coordinates": [ -74.12058, 10.22243 ] } },
{ "type": "Feature", "properties": { "nivel": "municipio", "codigo": "47053", "label": "Aracataca", "area": 0.1438 }, "geometry": { "type": "Point", "coordinates": [ -73.84695, 10.65194 ] } },
{ "type": "Feature", "properties": { "nivel": "municipio", "codigo": "47058", "label": "Ariguaní", "area": 0.0933 }, "geometry": { "type": "Point", "coordinates": [ -74.07001, 9.80869 ] } },
{ "type": "Feature", "properties": { "nivel": "municipio", "codigo": "47161", "label": "Cerro de San Antonio", "area": 0.0146 }, "geometry": { "type": "Point", "coordinates": [ -74.81087, 10.29032 ] } },
{ "type": "Feature", "properties": { "nivel": "municipio", "codigo": "47170", "label": "Chivolo", "area": 0.0443 }, "geometry": { "type": "Point", "coordinates": [ -74.51129, 10.09016 ] } },
{ "type": "Feature", "properties": { "nivel": "municipio", "codigo": "47189", "label": "Ciénaga", "area": 0.1101 }, "geometry": { "type": "Point", "coordinates": [ -73.95772, 10.85667 ] } },
{ "type": "Feature", "properties": { "nivel": "municipio", "codigo": "47205", "label": "Concordia", "area": 0.009 }, "geometry": { "type": "Point", "coordinates": [ -74.75638, 10.23067 ] } },
{ "type": "Feature", "properties": { "nivel": "municipio", "codigo": "47245", "label": "El Banco", "area": 0.067 }, "geometry": { "type": "Point", "coordinates": [ -73.99022, 9.14355 ] } },
{ "type": "Feature", "properties": { "nivel": "municipio", "codigo": "47258", "label": "El Piñón", "area": 0.046 }, "geometry": { "type": "Point", "coordinates": [ -74.67908, 10.33837 ] } },
{ "type": "Feature", "properties": { "nivel": "municipio", "codigo": "47268", "label": "El Retén", "area": 0.0217 }, "geometry": { "type": "Point", "coordinates": [ -74.33238, 10.65186 ] } },
{ "type": "Feature", "properties": { "nivel": "municipio", "codigo": "47288", "label": "Fundación", "area": 0.0803 }, "geometry": { "type": "Point", "coordinates": [ -73.84136, 10.45963 ] } },
{ "type": "Feature", "properties": { "nivel": "municipio", "codigo": "47318", "label": "Guamal", "area": 0.0465 }, "geometry": { "type": "Point", "coordinates": [ -74.14373, 9.24587 ] } },
{ "type": "Feature", "properties": { "nivel": "municipio", "codigo": "47460", "label": "Nueva Granada", "area": 0.0694 }, "geometry": { "type": "Point", "coordinates": [ -74.32281, 9.75964 ] } },
{ "type": "Feature", "properties": { "nivel": "municipio", "codigo": "47541", "label": "Pedraza", "area": 0.0252 }, "geometry": { "type": "Point", "coordinates": [ -74.84692, 10.14871 ] } },
{ "type": "Feature", "properties": { "nivel": "municipio", "codigo": "47545", "label": "Pijiño del Carmen", "area": 0.0545 }, "geometry": { "type": "Point", "coordinates": [ -74.19535, 9.51768 ] } },
{ "type": "Feature", "properties": { "nivel": "municipio", "codigo": "47551", "label": "Pivijay", "area": 0.1354 }, "geometry": { "type": "Point", "coordinates": [ -74.41438, 10.4405 ] } },
{ "type": "Feature", "properties": { "nivel": "municipio", "codigo": "47555", "label": "Plato", "area": 0.1201 }, "geometry": { "type": "Point", "coordinates": [ -74.61528, 9.77045 ] } },
{ "type": "Feature", "properties": { "nivel": "municipio", "codigo": "47570", "label": "Puebloviejo", "area": 0.0562 }, "geometry": { "type": "Point", "coordinates": [ -74.36959, 10.83219 ] } },
{ "type": "Feature", "properties": { "nivel": "municipio", "codigo": "47605", "label": "Remolino", "area": 0.0492 }, "geometry": { "type": "Point", "coordinates": [ -74.59127, 10.638 ] } },
{ "type": "Feature", "properties": { "nivel": "municipio", "codigo": "47660", "label": "Sabanas de San Ángel", "area": 0.1022 }, "geometry": { "type": "Point", "coordinates": [ -74.25379, 10.13174 ] } },
{ "type": "Feature", "properties": { "nivel": "municipio", "codigo": "47675", "label": "Salamina", "area": 0.0141 }, "geometry": { "type": "Point", "coordinates": [ -74.71398, 10.52518 ] } },
{ "type": "Feature", "properties": { "nivel": "municipio", "codigo": "47692", "label": "San Sebastián de Buenavista", "area": 0.036 }, "geometry": { "type": "Point", "coordinates": [ -74.17775, 9.34911 ] } },
{ "type": "Feature", "properties": { "nivel": "municipio", "codigo": "47703", "label": "San Zenón", "area": 0.0221 }, "geometry": { "type": "Point", "coordinates": [ -74.28862, 9.35508 ] } },
{ "type": "Feature", "properties": { "nivel": "municipio", "codigo": "47707", "label": "Santa Ana", "area": 0.0923 }, "geometry": { "type": "Point", "coordinates": [ -74.41343, 9.50364 ] } },
{ "type": "Feature", "properties": { "nivel": "municipio", "codigo": "47720", "label": "Santa Bárbara de Pinto", "area": 0.0407 }, "geometry": { "type": "Point", "coordinates": [ -74.65105, 9.52619 ] } },
{ "type": "Feature", "properties": { "nivel": "municipio", "codigo": "47745", "label": "Sitionuevo", "area": 0.0803 }, "geometry": { "type": "Point", "coordinates": [ -74.60151, 10.91205 ] } },
{ "type": "Feature", "properties": { "nivel": "municipio", "codigo": "47798", "label": "Tenerife", "area": 0.0406 }, "geometry": { "type": "Point", "coordinates": [ -74.72063, 9.91423 ] } },
{ "type": "Feature", "properties": { "nivel": "municipio", "codigo": "47960", "label": "Zapayán", "area": 0.0308 }, "geometry": { "type": "Point", "coordinates": [ -74.69115, 10.1369 ] } },
{ "type": "Feature", "properties": { "nivel": "municipio", "codigo": "47980", "label": "Zona Bananera", "area": 0.036 }, "geometry": { "type": "Point", "coordinates": [ -74.17981, 10.79687 ] } },
{ "type": "Feature", "properties": { "nivel": "municipio", "codigo": "50001", "label": "Villavicencio", "area": 0.1047 }, "geometry": { "type": "Point", "coordinates": [ -73.50446, 4.11235 ] } },
{ "type": "Feature", "properties": { "nivel": "municipio", "codigo": "50006", "label": "Acacías", "area": 0.0915 }, "geometry": { "type": "Point", "coordinates": [ -73.80534, 4.02316 ] } },
{ "type": "Feature", "properties": { "nivel": "municipio", "codigo": "50110", "label": "Barranca de Upía", "area": 0.0329 }, "geometry": { "type": "Point", "coordinates": [ -73.01373, 4.54548 ] } },
{ "type": "Feature", "properties": { "nivel": "municipio", "codigo": "50124", "label": "Cabuyaro", "area": 0.0744 }, "geometry": { "type": "Point", "coordinates": [ -72.9277, 4.3132 ] } },
{ "type": "Feature", "properties": { "nivel": "municipio", "codigo": "50150", "label": "Castilla la Nueva", "area": 0.0419 }, "geometry": { "type": "Point", "coordinates": [ -73.5498, 3.81309 ] } },
{ "type": "Feature", "properties": { "nivel": "municipio", "codigo": "50223", "label": "Cubarral", "area": 0.0943 }, "geometry": { "type": "Point", "coordinates": [ -74.06158, 3.85936 ] } },
{ "type": "Feature", "properties": { "nivel": "municipio", "codigo": "50226", "label": "Cumaral", "area": 0.0509 }, "geometry": { "type": "Point", "coordinates": [ -73.35252, 4.26012 ] } },
{ "type": "Feature", "properties": { "nivel": "municipio", "codigo": "50245", "label": "El Calvario", "area": 0.022 }, "geometry": { "type": "Point", "coordinates": [ -73.73551, 4.36731 ] } },
{ "type": "Feature", "properties": { "nivel": "municipio", "codigo": "50251", "label": "El Castillo", "area": 0.0463 }, "geometry": { "type": "Point", "coordinates": [ -73.8883, 3.62673 ] } },
{ "type": "Feature", "properties": { "nivel": "municipio", "codigo": "50270", "label": "El Dorado", "area": 0.0096 }, "geometry": { "type": "Point", "coordinates": [ -73.84011, 3.70921 ] } },
{ "type": "Feature", "properties": { "nivel": "municipio", "codigo": "50287", "label": "Fuente de Oro", "area": 0.0465 }, "geometry": { "type": "Point", "coordinates": [ -73.59638, 3.39103 ] } },
{ "type": "Feature", "properties": { "nivel": "municipio", "codigo": "50313", "label": "Granada", "area": 0.0283 }, "geometry": { "type": "Point", "coordinates": [ -73.73601, 3.5035 ] } },
{ "type": "Feature", "properties": { "nivel": "municipio", "codigo": "50318", "label": "Guamal", "area": 0.0485 }, "geometry": { "type": "Point", "coordinates": [ -73.98985, 3.94068 ] } },
{ "type": "Feature", "properties": { "nivel": "municipio", "codigo": "50325", "label": "Mapiripán", "area": 0.9707 }, "geometry": { "type": "Point", "coordinates": [ -71.98907, 3.10595 ] } },
{ "type": "Feature", "properties": { "nivel": "municipio", "codigo": "50330", "label": "Mesetas", "area": 0.1856 }, "geometry": { "type": "Point", "coordinates": [ -74.13219, 3.10786 ] } },
{ "type": "Feature", "properties": { "nivel": "municipio", "codigo": "50350", "label": "La Macarena", "area": 0.6601 }, "geometry": { "type": "Point", "coordinates": [ -74.06895, 2.12896 ] } },
{ "type": "Feature", "properties": { "nivel": "municipio", "codigo": "50370", "label": "Uribe", "area": 0.5256 }, "geometry": { "type": "Point", "coordinates": [ -74.4857, 3.14695 ] } },
{ "type": "Feature", "properties": { "nivel": "municipio", "codigo": "50400", "label": "Lejanías", "area": 0.0664 }, "geometry": { "type": "Point", "coordinates": [ -74.13112, 3.62622 ] } },
{ "type": "Feature", "properties": { "nivel": "municipio", "codigo": "50450", "label": "Puerto Concordia", "area": 0.1023 }, "geometry": { "type": "Point", "coordinates": [ -72.69062, 2.77262 ] } },
{ "type": "Feature", "properties": { "nivel": "municipio", "codigo": "50568", "label": "Puerto Gaitán", "area": 1.4022 }, "geometry": { "type": "Point", "coordinates": [ -71.59698, 4.08579 ] } },
{ "type": "Feature", "properties": { "nivel": "municipio", "codigo": "50573", "label": "Puerto López", "area": 0.5626 }, "geometry": { "type": "Point", "coordinates": [ -72.65665, 4.03927 ] } },
{ "type": "Feature", "properties": { "nivel": "municipio", "codigo": "50577", "label": "Puerto Lleras", "area": 0.2063 }, "geometry": { "type": "Point", "coordinates": [ -73.21629, 3.20924 ] } },
{ "type": "Feature", "properties": { "nivel": "municipio", "codigo": "50590", "label": "Puerto Rico", "area": 0.2774 }, "geometry": { "type": "Point", "coordinates": [ -73.11802, 2.75247 ] } },
{ "type": "Feature", "properties": { "nivel": "municipio", "codigo": "50606", "label": "Restrepo", "area": 0.0297 }, "geometry": { "type": "Point", "coordinates": [ -73.59642, 4.29605 ] } },
{ "type": "Feature", "properties": { "nivel": "municipio", "codigo": "50680", "label": "San Carlos de Guaroa", "area": 0.0658 }, "geometry": { "type": "Point", "coordinates": [ -73.25869, 3.83784 ] } },
{ "type": "Feature", "properties": { "nivel": "municipio", "codigo": "50683", "label": "San Juan de Arama", "area": 0.095 }, "geometry": { "type": "Point", "coordinates": [ -73.81794, 3.31168 ] } },
{ "type": "Feature", "properties": { "nivel": "municipio", "codigo": "50686", "label": "San Juanito", "area": 0.02 }, "geometry": { "type": "Point", "coordinates": [ -73.67162, 4.46063 ] } },
{ "type": "Feature", "properties": { "nivel": "municipio", "codigo": "50689", "label": "San Martín", "area": 0.4828 }, "geometry": { "type": "Point", "coordinates": [ -72.98245, 3.52535 ] } },
{ "type": "Feature", "properties": { "nivel": "municipio", "codigo": "50711", "label": "Vistahermosa", "area": 0.3921 }, "geometry": { "type": "Point", "coordinates": [ -73.7052, 2.78562 ] } },
{ "type": "Feature", "properties": { "nivel": "municipio", "codigo": "52001", "label": "Pasto", "area": 0.0891 }, "geometry": { "type": "Point", "coordinates": [ -77.20541, 1.08756 ] } },
{ "type": "Feature", "properties": { "nivel": "municipio", "codigo": "52019", "label": "Albán", "area": 0.0031 }, "geometry": { "type": "Point", "coordinates": [ -77.06404, 1.47392 ] } },
{ "type": "Feature", "properties": { "nivel": "municipio", "codigo": "52022", "label": "Aldana", "area": 0.0039 }, "geometry": { "type": "Point", "coordinates": [ -77.70332, 0.90697 ] } },
{ "type": "Feature", "properties": { "nivel": "municipio", "codigo": "52036", "label": "Ancuya", "area": 0.0056 }, "geometry": { "type": "Point", "coordinates": [ -77.53111, 1.25099 ] } },
{ "type": "Feature", "properties": { "nivel": "municipio", "codigo": "52051", "label": "Arboleda", "area": 0.0049 }, "geometry": { "type": "Point", "coordinates": [ -77.12087, 1.48258 ] } },
{ "type": "Feature", "properties": { "nivel": "municipio", "codigo": "52079", "label": "Barbacoas", "area": 0.221 }, "geometry": { "type": "Point", "coordinates": [ -78.07626, 1.49608 ] } },
{ "type": "Feature", "properties": { "nivel": "municipio", "codigo": "52083", "label": "Belén", "area": 0.0034 }, "geometry": { "type": "Point", "coordinates": [ -77.02693, 1.59506 ] } },
{ "type": "Feature", "properties": { "nivel": "municipio", "codigo": "52110", "label": "Buesaco", "area": 0.0515 }, "geometry": { "type": "Point", "coordinates": [ -77.11865, 1.31753 ] } },
{ "type": "Feature", "properties": { "nivel": "municipio", "codigo": "52203", "label": "Colón", "area": 0.005 }, "geometry": { "type": "Point", "coordinates": [ -77.03623, 1.62917 ] } },
{ "type": "Feature", "properties": { "nivel": "municipio", "codigo": "52207", "label": "Consacá", "area": 0.0097 }, "geometry": { "type": "Point", "coordinates": [ -77.42468, 1.20858 ] } },
{ "type": "Feature", "properties": { "nivel": "municipio", "codigo": "52210", "label": "Contadero", "area": 0.0035 }, "geometry": { "type": "Point", "coordinates": [ -77.5214, 0.92758 ] } },
{ "type": "Feature", "properties": { "nivel": "municipio", "codigo": "52215", "label": "Córdoba", "area": 0.0247 }, "geometry": { "type": "Point", "coordinates": [ -77.34072, 0.7618 ] } },
{ "type": "Feature", "properties": { "nivel": "municipio", "codigo": "52224", "label": "Cuaspud Carlosama", "area": 0.0046 }, "geometry": { "type": "Point", "coordinates": [ -77.74201, 0.87539 ] } },
{ "type": "Feature", "properties": { "nivel": "municipio", "codigo": "52227", "label": "Cumbal", "area": 0.074 }, "geometry": { "type": "Point", "coordinates": [ -77.99231, 0.9399 ] } },
{ "type": "Feature", "properties": { "nivel": "municipio", "codigo": "52233", "label": "Cumbitara", "area": 0.0288 }, "geometry": { "type": "Point", "coordinates": [ -77.59568, 1.74108 ] } },
{ "type": "Feature", "properties": { "nivel": "municipio", "codigo": "52240", "label": "Chachagüí", "area": 0.0118 }, "geometry": { "type": "Point", "coordinates": [ -77.27398, 1.40427 ] } },
{ "type": "Feature", "properties": { "nivel": "municipio", "codigo": "52250", "label": "El Charco", "area": 0.2016 }, "geometry": { "type": "Point", "coordinates": [ -78.05738, 2.29003 ] } },
{ "type": "Feature", "properties": { "nivel": "municipio", "codigo": "52254", "label": "El Peñol", "area": 0.0098 }, "geometry": { "type": "Point", "coordinates": [ -77.42488, 1.52354 ] } },
{ "type": "Feature", "properties": { "nivel": "municipio", "codigo": "52256", "label": "El Rosario", "area": 0.0421 }, "geometry": { "type": "Point", "coordinates": [ -77.4112, 1.82724 ] } },
{ "type": "Feature", "properties": { "nivel": "municipio", "codigo": "52258", "label": "El Tablón de Gómez", "area": 0.0249 }, "geometry": { "type": "Point", "coordinates": [ -76.99738, 1.40164 ] } },
{ "type": "Feature", "properties": { "nivel": "municipio", "codigo": "52260", "label": "El Tambo", "area": 0.0199 }, "geometry": { "type": "Point", "coordinates": [ -77.39338, 1.43022 ] } },
{ "type": "Feature", "properties": { "nivel": "municipio", "codigo": "52287", "label": "Funes", "area": 0.032 }, "geometry": { "type": "Point", "coordinates": [ -77.32617, 0.89951 ] } },
{ "type": "Feature", "properties": { "nivel": "municipio", "codigo": "52317", "label": "Guachucal", "area": 0.0126 }, "geometry": { "type": "Point", "coordinates": [ -77.75759, 0.97466 ] } },
{ "type": "Feature", "properties": { "nivel": "municipio", "codigo": "52320", "label": "Guaitarilla", "area": 0.0095 }, "geometry": { "type": "Point", "coordinates": [ -77.53038, 1.15602 ] } },
{ "type": "Feature", "properties": { "nivel": "municipio", "codigo": "52323", "label": "Gualmatán", "area": 0.0024 }, "geometry": { "type": "Point", "coordinates": [ -77.58641, 0.9345 ] } },
{ "type": "Feature", "properties": { "nivel": "municipio", "codigo": "52352", "label": "Iles", "area": 0.0065 }, "geometry": { "type": "Point", "coordinates": [ -77.5303, 0.985 ] } },
{ "type": "Feature", "properties": { "nivel": "municipio", "codigo": "52354", "label": "Imués", "area": 0.0066 }, "geometry": { "type": "Point", "coordinates": [ -77.50421, 1.06916 ] } },
{ "type": "Feature", "properties": { "nivel": "municipio", "codigo": "52356", "label": "Ipiales", "area": 0.1273 }, "geometry": { "type": "Point", "coordinates": [ -77.43063, 0.63231 ] } },
{ "type": "Feature", "properties": { "nivel": "municipio", "codigo": "52378", "label": "La Cruz", "area": 0.0194 }, "geometry": { "type": "Point", "coordinates": [ -76.92558, 1.58131 ] } },
{ "type": "Feature", "properties": { "nivel": "municipio", "codigo": "52381", "label": "La Florida", "area": 0.011 }, "geometry": { "type": "Point", "coordinates": [ -77.41117, 1.32189 ] } },
{ "type": "Feature", "properties": { "nivel": "municipio", "codigo": "52385", "label": "La Llanada", "area": 0.0198 }, "geometry": { "type": "Point", "coordinates": [ -77.74019, 1.54821 ] } },
{ "type": "Feature", "properties": { "nivel": "municipio", "codigo": "52390", "label": "La Tola", "area": 0.0336 }, "geometry": { "type": "Point", "coordinates": [ -78.18559, 2.34975 ] } },
{ "type": "Feature", "properties": { "nivel": "municipio", "codigo": "52399", "label": "La Unión", "area": 0.0115 }, "geometry": { "type": "Point", "coordinates": [ -77.12998, 1.60789 ] } },
{ "type": "Feature", "properties": { "nivel": "municipio", "codigo": "52405", "label": "Leiva", "area": 0.0252 }, "geometry": { "type": "Point", "coordinates": [ -77.26405, 1.97819 ] } },
{ "type": "Feature", "properties": { "nivel": "municipio", "codigo": "52411", "label": "Linares", "area": 0.011 }, "geometry": { "type": "Point", "coordinates": [ -77.52339, 1.40531 ] } },
{ "type": "Feature", "properties": { "nivel": "municipio", "codigo": "52418", "label": "Los Andes", "area": 0.0775 }, "geometry": { "type": "Point", "coordinates": [ -77.70578, 1.65833 ] } },
{ "type": "Feature", "properties": { "nivel": "municipio", "codigo": "52427", "label": "Magüí", "area": 0.1463 }, "geometry": { "type": "Point", "coordinates": [ -77.98985, 1.90792 ] } },
{ "type": "Feature", "properties": { "nivel": "municipio", "codigo": "52435", "label": "Mallama", "area": 0.046 }, "geometry": { "type": "Point", "coordinates": [ -77.8704, 1.18908 ] } },
{ "type": "Feature", "properties": { "nivel": "municipio", "codigo": "52473", "label": "Mosquera", "area": 0.0621 }, "geometry": { "type": "Point", "coordinates": [ -78.4556, 2.42348 ] } },
{ "type": "Feature", "properties": { "nivel": "municipio", "codigo": "52480", "label": "Nariño", "area": 0.0021 }, "geometry": { "type": "Point", "coordinates": [ -77.35648, 1.26943 ] } },
{ "type": "Feature", "properties": { "nivel": "municipio", "codigo": "52490", "label": "Olaya Herrera", "area": 0.0811 }, "geometry": { "type": "Point", "coordinates": [ -78.29985, 2.33782 ] } },
{ "type": "Feature", "properties": { "nivel": "municipio", "codigo": "52506", "label": "Ospina", "area": 0.0052 }, "geometry": { "type": "Point", "coordinates": [ -77.54791, 1.02949 ] } },
{ "type": "Feature", "properties": { "nivel": "municipio", "codigo": "52520", "label": "Francisco Pizarro", "area": 0.0424 }, "geometry": { "type": "Point", "coordinates": [ -78.59808, 2.08617 ] } },
{ "type": "Feature", "properties": { "nivel": "municipio", "codigo": "52540", "label": "Policarpa", "area": 0.0352 }, "geometry": { "type": "Point", "coordinates": [ -77.46104, 1.73386 ] } },
{ "type": "Feature", "properties": { "nivel": "municipio", "codigo": "52560", "label": "Potosí", "area": 0.0314 }, "geometry": { "type": "Point", "coordinates": [ -77.40895, 0.73393 ] } },
{ "type": "Feature", "properties": { "nivel": "municipio", "codigo": "52565", "label": "Providencia", "area": 0.0032 }, "geometry": { "type": "Point", "coordinates": [ -77.60068, 1.23927 ] } },
{ "type": "Feature", "properties": { "nivel": "municipio", "codigo": "52573", "label": "Puerres", "area": 0.0284 }, "geometry": { "type": "Point", "coordinates": [ -77.25709, 0.79967 ] } },
{ "type": "Feature", "properties": { "nivel": "municipio", "codigo": "52585", "label": "Pupiales", "area": 0.0105 }, "geometry": { "type": "Point", "coordinates": [ -77.64074, 0.91854 ] } },
{ "type": "Feature", "properties": { "nivel": "municipio", "codigo": "52612", "label": "Ricaurte", "area": 0.0854 }, "geometry": { "type": "Point", "coordinates": [ -77.98983, 1.24708 ] } },
{ "type": "Feature", "properties": { "nivel": "municipio", "codigo": "52621", "label": "Roberto Payán", "area": 0.1178 }, "geometry": { "type": "Point", "coordinates": [ -78.36928, 1.86934 ] } },
{ "type": "Feature", "properties": { "nivel": "municipio", "codigo": "52678", "label": "Samaniego", "area": 0.049 }, "geometry": { "type": "Point", "coordinates": [ -77.64969, 1.39268 ] } },
{ "type": "Feature", "properties": { "nivel": "municipio", "codigo": "52683", "label": "Sandoná", "area": 0.0082 }, "geometry": { "type": "Point", "coordinates": [ -77.47349, 1.29756 ] } },
{ "type": "Feature", "properties": { "nivel": "municipio", "codigo": "52685", "label": "San Bernardo", "area": 0.0053 }, "geometry": { "type": "Point", "coordinates": [ -77.0187, 1.53116 ] } },
{ "type": "Feature", "properties": { "nivel": "municipio", "codigo": "52687", "label": "San Lorenzo", "area": 0.0202 }, "geometry": { "type": "Point", "coordinates": [ -77.21133, 1.55932 ] } },
{ "type": "Feature", "properties": { "nivel": "municipio", "codigo": "52693", "label": "San Pablo", "area": 0.0091 }, "geometry": { "type": "Point", "coordinates": [ -76.98922, 1.67869 ] } },
{ "type": "Feature", "properties": { "nivel": "municipio", "codigo": "52694", "label": "San Pedro de Cartago", "area": 0.0045 }, "geometry": { "type": "Point", "coordinates": [ -77.10087, 1.53856 ] } },
{ "type": "Feature", "properties": { "nivel": "municipio", "codigo": "52696", "label": "Santa Bárbara", "area": 0.0991 }, "geometry": { "type": "Point", "coordinates": [ -77.92733, 2.32421 ] } },
{ "type": "Feature", "properties": { "nivel": "municipio", "codigo": "52699", "label": "Santacruz", "area": 0.0437 }, "geometry": { "type": "Point", "coordinates": [ -77.72876, 1.27766 ] } },
{ "type": "Feature", "properties": { "nivel": "municipio", "codigo": "52720", "label": "Sapuyes", "area": 0.0094 }, "geometry": { "type": "Point", "coordinates": [ -77.70705, 1.04166 ] } },
{ "type": "Feature", "properties": { "nivel": "municipio", "codigo": "52786", "label": "Taminango", "area": 0.019 }, "geometry": { "type": "Point", "coordinates": [ -77.32675, 1.59119 ] } },
{ "type": "Feature", "properties": { "nivel": "municipio", "codigo": "52788", "label": "Tangua", "area": 0.0177 }, "geometry": { "type": "Point", "coordinates": [ -77.36655, 1.07537 ] } },
{ "type": "Feature", "properties": { "nivel": "municipio", "codigo": "52835", "label": "San Andrés de Tumaco", "area": 0.2916 }, "geometry": { "type": "Point", "coordinates": [ -78.69039, 1.61122 ] } },
{ "type": "Feature", "properties": { "nivel": "municipio", "codigo": "52838", "label": "Túquerres", "area": 0.0175 }, "geometry": { "type": "Point", "coordinates": [ -77.62057, 1.16314 ] } },
{ "type": "Feature", "properties": { "nivel": "municipio", "codigo": "52885", "label": "Yacuanquer", "area": 0.0083 }, "geometry": { "type": "Point", "coordinates": [ -77.43019, 1.12156 ] } },
{ "type": "Feature", "properties": { "nivel": "municipio", "codigo": "54001", "label": "San José de Cúcuta", "area": 0.0929 }, "geometry": { "type": "Point", "coordinates": [ -72.46876, 8.07638 ] } },
{ "type": "Feature", "properties": { "nivel": "municipio", "codigo": "54003", "label": "Ábrego", "area": 0.1134 }, "geometry": { "type": "Point", "coordinates": [ -73.19567, 8.02938 ] } },
{ "type": "Feature", "properties": { "nivel": "municipio", "codigo": "54051", "label": "Arboledas", "area": 0.0374 }, "geometry": { "type": "Point", "coordinates": [ -72.90614, 7.60504 ] } },
{ "type": "Feature", "properties": { "nivel": "municipio", "codigo": "54099", "label": "Bochalema", "area": 0.0139 }, "geometry": { "type": "Point", "coordinates": [ -72.6537, 7.64382 ] } },
{ "type": "Feature", "properties": { "nivel": "municipio", "codigo": "54109", "label": "Bucarasica", "area": 0.0222 }, "geometry": { "type": "Point", "coordinates": [ -72.91418, 8.0836 ] } },
{ "type": "Feature", "properties": { "nivel": "municipio", "codigo": "54125", "label": "Cácota", "area": 0.0114 }, "geometry": { "type": "Point", "coordinates": [ -72.65593, 7.26079 ] } },
{ "type": "Feature", "properties": { "nivel": "municipio", "codigo": "54128", "label": "Cáchira", "area": 0.0505 }, "geometry": { "type": "Point", "coordinates": [ -73.12249, 7.6991 ] } },
{ "type": "Feature", "properties": { "nivel": "municipio", "codigo": "54172", "label": "Chinácota", "area": 0.0136 }, "geometry": { "type": "Point", "coordinates": [ -72.59806, 7.57837 ] } },
{ "type": "Feature", "properties": { "nivel": "municipio", "codigo": "54174", "label": "Chitagá", "area": 0.0969 }, "geometry": { "type": "Point", "coordinates": [ -72.53838, 7.06797 ] } },
{ "type": "Feature", "properties": { "nivel": "municipio", "codigo": "54206", "label": "Convención", "area": 0.0766 }, "geometry": { "type": "Point", "coordinates": [ -73.23201, 8.83285 ] } },
{ "type": "Feature", "properties": { "nivel": "municipio", "codigo": "54223", "label": "Cucutilla", "area": 0.0307 }, "geometry": { "type": "Point", "coordinates": [ -72.77676, 7.49918 ] } },
{ "type": "Feature", "properties": { "nivel": "municipio", "codigo": "54239", "label": "Durania", "area": 0.0143 }, "geometry": { "type": "Point", "coordinates": [ -72.67916, 7.73789 ] } },
{ "type": "Feature", "properties": { "nivel": "municipio", "codigo": "54245", "label": "El Carmen", "area": 0.142 }, "geometry": { "type": "Point", "coordinates": [ -73.34371, 8.84659 ] } },
{ "type": "Feature", "properties": { "nivel": "municipio", "codigo": "54250", "label": "El Tarra", "area": 0.0578 }, "geometry": { "type": "Point", "coordinates": [ -73.02471, 8.69403 ] } },
{ "type": "Feature", "properties": { "nivel": "municipio", "codigo": "54261", "label": "El Zulia", "area": 0.0414 }, "geometry": { "type": "Point", "coordinates": [ -72.63982, 8.09681 ] } },
{ "type": "Feature", "properties": { "nivel": "municipio", "codigo": "54313", "label": "Gramalote", "area": 0.0122 }, "geometry": { "type": "Point", "coordinates": [ -72.7986, 7.92221 ] } },
{ "type": "Feature", "properties": { "nivel": "municipio", "codigo": "54344", "label": "Hacarí", "area": 0.0344 }, "geometry": { "type": "Point", "coordinates": [ -73.08527, 8.36822 ] } },
{ "type": "Feature", "properties": { "nivel": "municipio", "codigo": "54347", "label": "Herrán", "area": 0.0088 }, "geometry": { "type": "Point", "coordinates": [ -72.4919, 7.47765 ] } },
{ "type": "Feature", "properties": { "nivel": "municipio", "codigo": "54377", "label": "Labateca", "area": 0.0209 }, "geometry": { "type": "Point", "coordinates": [ -72.51026, 7.27843 ] } },
{ "type": "Feature", "properties": { "nivel": "municipio", "codigo": "54385", "label": "La Esperanza", "area": 0.0549 }, "geometry": { "type": "Point", "coordinates": [ -73.35786, 7.69596 ] } },
{ "type": "Feature", "properties": { "nivel": "municipio", "codigo": "54398", "label": "La Playa", "area": 0.0199 }, "geometry": { "type": "Point", "coordinates": [ -73.20594, 8.26926 ] } },
{ "type": "Feature", "properties": { "nivel": "municipio", "codigo": "54405", "label": "Los Patios", "area": 0.0104 }, "geometry": { "type": "Point", "coordinates": [ -72.51186, 7.75348 ] } },
{ "type": "Feature", "properties": { "nivel": "municipio", "codigo": "54418", "label": "Lourdes", "area": 0.0071 }, "geometry": { "type": "Point", "coordinates": [ -72.84925, 7.96459 ] } },
{ "type": "Feature", "properties": { "nivel": "municipio", "codigo": "54480", "label": "Mutiscua", "area": 0.013 }, "geometry": { "type": "Point", "coordinates": [ -72.77443, 7.31443 ] } },
{ "type": "Feature", "properties": { "nivel": "municipio", "codigo": "54498", "label": "Ocaña", "area": 0.0454 }, "geometry": { "type": "Point", "coordinates": [ -73.3506, 8.20934 ] } },
{ "type": "Feature", "properties": { "nivel": "municipio", "codigo": "54518", "label": "Pamplona", "area": 0.0244 }, "geometry": { "type": "Point", "coordinates": [ -72.6473, 7.36736 ] } },
{ "type": "Feature", "properties": { "nivel": "municipio", "codigo": "54520", "label": "Pamplonita", "area": 0.014 }, "geometry": { "type": "Point", "coordinates": [ -72.63657, 7.48065 ] } },
{ "type": "Feature", "properties": { "nivel": "municipio", "codigo": "54553", "label": "Puerto Santander", "area": 0.0037 }, "geometry": { "type": "Point", "coordinates": [ -72.41636, 8.32612 ] } },
{ "type": "Feature", "properties": { "nivel": "municipio", "codigo": "54599", "label": "Ragonvalia", "area": 0.008 }, "geometry": { "type": "Point", "coordinates": [ -72.50727, 7.6012 ] } },
{ "type": "Feature", "properties": { "nivel": "municipio", "codigo": "54660", "label": "Salazar", "area": 0.0405 }, "geometry": { "type": "Point", "coordinates": [ -72.84466, 7.78431 ] } },
{ "type": "Feature", "properties": { "nivel": "municipio", "codigo": "54670", "label": "San Calixto", "area": 0.0327 }, "geometry": { "type": "Point", "coordinates": [ -73.17787, 8.44636 ] } },
{ "type": "Feature", "properties": { "nivel": "municipio", "codigo": "54673", "label": "San Cayetano", "area": 0.0114 }, "geometry": { "type": "Point", "coordinates": [ -72.6113, 7.83709 ] } },
{ "type": "Feature", "properties": { "nivel": "municipio", "codigo": "54680", "label": "Santiago", "area": 0.0141 }, "geometry": { "type": "Point", "coordinates": [ -72.71314, 7.88741 ] } },
{ "type": "Feature", "properties": { "nivel": "municipio", "codigo": "54720", "label": "Sardinata", "area": 0.1204 }, "geometry": { "type": "Point", "coordinates": [ -72.86142, 8.25875 ] } },
{ "type": "Feature", "properties": { "nivel": "municipio", "codigo": "54743", "label": "Silos", "area": 0.0321 }, "geometry": { "type": "Point", "coordinates": [ -72.79143, 7.14424 ] } },
{ "type": "Feature", "properties": { "nivel": "municipio", "codigo": "54800", "label": "Teorama", "area": 0.0762 }, "geometry": { "type": "Point", "coordinates": [ -73.15291, 8.75842 ] } },
{ "type": "Feature", "properties": { "nivel": "municipio", "codigo": "54810", "label": "Tibú", "area": 0.2201 }, "geometry": { "type": "Point", "coordinates": [ -72.79725, 8.6962 ] } },
{ "type": "Feature", "properties": { "nivel": "municipio", "codigo": "54820", "label": "Toledo", "area": 0.1228 }, "geometry": { "type": "Point", "coordinates": [ -72.30451, 7.23319 ] } },
{ "type": "Feature", "properties": { "nivel": "municipio", "codigo": "54871", "label": "Villa Caro", "area": 0.0329 }, "geometry": { "type": "Point", "coordinates": [ -72.96379, 7.93337 ] } },
{ "type": "Feature", "properties": { "nivel": "municipio", "codigo": "54874", "label": "Villa del Rosario", "area": 0.0075 }, "geometry": { "type": "Point", "coordinates": [ -72.48638, 7.77235 ] } },
{ "type": "Feature", "properties": { "nivel": "municipio", "codigo": "63001", "label": "Armenia", "area": 0.0099 }, "geometry": { "type": "Point", "coordinates": [ -75.74109, 4.49211 ] } },
{ "type": "Feature", "properties": { "nivel": "municipio", "codigo": "63111", "label": "Buenavista", "area": 0.0031 }, "geometry": { "type": "Point", "coordinates": [ -75.74316, 4.36976 ] } },
{ "type": "Feature", "properties": { "nivel": "municipio", "codigo": "63130", "label": "Calarcá", "area": 0.0179 }, "geometry": { "type": "Point", "coordinates": [ -75.64598, 4.45368 ] } },
{ "type": "Feature", "properties": { "nivel": "municipio", "codigo": "63190", "label": "Circasia", "area": 0.0074 }, "geometry": { "type": "Point", "coordinates": [ -75.66586, 4.60779 ] } },
{ "type": "Feature", "properties": { "nivel": "municipio", "codigo": "63212", "label": "Córdoba", "area": 0.0076 }, "geometry": { "type": "Point", "coordinates": [ -75.65244, 4.39463 ] } },
{ "type": "Feature", "properties": { "nivel": "municipio", "codigo": "63272", "label": "Filandia", "area": 0.0087 }, "geometry": { "type": "Point", "coordinates": [ -75.66542, 4.66378 ] } },
{ "type": "Feature", "properties": { "nivel": "municipio", "codigo": "63302", "label": "Génova", "area": 0.0241 }, "geometry": { "type": "Point", "coordinates": [ -75.74478, 4.19303 ] } },
{ "type": "Feature", "properties": { "nivel": "municipio", "codigo": "63401", "label": "La Tebaida", "area": 0.0073 }, "geometry": { "type": "Point", "coordinates": [ -75.82116, 4.44146 ] } },
{ "type": "Feature", "properties": { "nivel": "municipio", "codigo": "63470", "label": "Montenegro", "area": 0.0122 }, "geometry": { "type": "Point", "coordinates": [ -75.8237, 4.51621 ] } },
{ "type": "Feature", "properties": { "nivel": "municipio", "codigo": "63548", "label": "Pijao", "area": 0.0202 }, "geometry": { "type": "Point", "coordinates": [ -75.69122, 4.30167 ] } },
{ "type": "Feature", "properties": { "nivel": "municipio", "codigo": "63594", "label": "Quimbaya", "area": 0.0109 }, "geometry": { "type": "Point", "coordinates": [ -75.80232, 4.61314 ] } },
{ "type": "Feature", "properties": { "nivel": "municipio", "codigo": "63690", "label": "Salento", "area": 0.0283 }, "geometry": { "type": "Point", "coordinates": [ -75.55556, 4.59404 ] } },
{ "type": "Feature", "properties": { "nivel": "municipio", "codigo": "66001", "label": "Pereira", "area": 0.0495 }, "geometry": { "type": "Point", "coordinates": [ -75.78728, 4.78456 ] } },
{ "type": "Feature", "properties": { "nivel": "municipio", "codigo": "66045", "label": "Apía", "area": 0.0122 }, "geometry": { "type": "Point", "coordinates": [ -75.97598, 5.13864 ] } },
{ "type": "Feature", "properties": { "nivel": "municipio", "codigo": "66075", "label": "Balboa", "area": 0.0097 }, "geometry": { "type": "Point", "coordinates": [ -75.93609, 4.92335 ] } },
{ "type": "Feature", "properties": { "nivel": "municipio", "codigo": "66088", "label": "Belén de Umbría", "area": 0.0147 }, "geometry": { "type": "Point", "coordinates": [ -75.86955, 5.19001 ] } },
{ "type": "Feature", "properties": { "nivel": "municipio", "codigo": "66170", "label": "Dosquebradas", "area": 0.0057 }, "geometry": { "type": "Point", "coordinates": [ -75.67269, 4.84049 ] } },
{ "type": "Feature", "properties": { "nivel": "municipio", "codigo": "66318", "label": "Guática", "area": 0.0082 }, "geometry": { "type": "Point", "coordinates": [ -75.81779, 5.32769 ] } },
{ "type": "Feature", "properties": { "nivel": "municipio", "codigo": "66383", "label": "La Celia", "area": 0.0075 }, "geometry": { "type": "Point", "coordinates": [ -76.00226, 4.97989 ] } },
{ "type": "Feature", "properties": { "nivel": "municipio", "codigo": "66400", "label": "La Virginia", "area": 0.0027 }, "geometry": { "type": "Point", "coordinates": [ -75.85949, 4.90226 ] } },
{ "type": "Feature", "properties": { "nivel": "municipio", "codigo": "66440", "label": "Marsella", "area": 0.0122 }, "geometry": { "type": "Point", "coordinates": [ -75.75381, 4.95825 ] } },
{ "type": "Feature", "properties": { "nivel": "municipio", "codigo": "66456", "label": "Mistrató", "area": 0.046 }, "geometry": { "type": "Point", "coordinates": [ -75.96373, 5.40671 ] } },
{ "type": "Feature", "properties": { "nivel": "municipio", "codigo": "66572", "label": "Pueblo Rico", "area": 0.05 }, "geometry": { "type": "Point", "coordinates": [ -76.06991, 5.29037 ] } },
{ "type": "Feature", "properties": { "nivel": "municipio", "codigo": "66594", "label": "Quinchía", "area": 0.0114 }, "geometry": { "type": "Point", "coordinates": [ -75.72044, 5.3265 ] } },
{ "type": "Feature", "properties": { "nivel": "municipio", "codigo": "66682", "label": "Santa Rosa de Cabal", "area": 0.0443 }, "geometry": { "type": "Point", "coordinates": [ -75.53068, 4.83651 ] } },
{ "type": "Feature", "properties": { "nivel": "municipio", "codigo": "66687", "label": "Santuario", "area": 0.0155 }, "geometry": { "type": "Point", "coordinates": [ -75.94566, 5.02237 ] } },
{ "type": "Feature", "properties": { "nivel": "municipio", "codigo": "68001", "label": "Bucaramanga", "area": 0.0126 }, "geometry": { "type": "Point", "coordinates": [ -73.10433, 7.16604 ] } },
{ "type": "Feature", "properties": { "nivel": "municipio", "codigo": "68013", "label": "Aguada", "area": 0.0061 }, "geometry": { "type": "Point", "coordinates": [ -73.51551, 6.18169 ] } },
{ "type": "Feature", "properties": { "nivel": "municipio", "codigo": "68020", "label": "Albania", "area": 0.0136 }, "geometry": { "type": "Point", "coordinates": [ -73.78844, 5.79097 ] } },
{ "type": "Feature", "properties": { "nivel": "municipio", "codigo": "68051", "label": "Aratoca", "area": 0.0139 }, "geometry": { "type": "Point", "coordinates": [ -73.01809, 6.73521 ] } },
{ "type": "Feature", "properties": { "nivel": "municipio", "codigo": "68077", "label": "Barbosa", "area": 0.0038 }, "geometry": { "type": "Point", "coordinates": [ -73.62371, 5.9547 ] } },
{ "type": "Feature", "properties": { "nivel": "municipio", "codigo": "68079", "label": "Barichara", "area": 0.0112 }, "geometry": { "type": "Point", "coordinates": [ -73.22696, 6.64623 ] } },
{ "type": "Feature", "properties": { "nivel": "municipio", "codigo": "68081", "label": "Barrancabermeja", "area": 0.1086 }, "geometry": { "type": "Point", "coordinates": [ -73.76173, 7.02709 ] } },
{ "type": "Feature", "properties": { "nivel": "municipio", "codigo": "68092", "label": "Betulia", "area": 0.0353 }, "geometry": { "type": "Point", "coordinates": [ -73.44188, 7.00147 ] } },
{ "type": "Feature", "properties": { "nivel": "municipio", "codigo": "68101", "label": "Bolívar", "area": 0.0825 }, "geometry": { "type": "Point", "coordinates": [ -74.18405, 6.05941 ] } },
{ "type": "Feature", "properties": { "nivel": "municipio", "codigo": "68121", "label": "Cabrera", "area": 0.0054 }, "geometry": { "type": "Point", "coordinates": [ -73.25397, 6.5695 ] } },
{ "type": "Feature", "properties": { "nivel": "municipio", "codigo": "68132", "label": "California", "area": 0.0037 }, "geometry": { "type": "Point", "coordinates": [ -72.95126, 7.34656 ] } },
{ "type": "Feature", "properties": { "nivel": "municipio", "codigo": "68147", "label": "Capitanejo", "area": 0.007 }, "geometry": { "type": "Point", "coordinates": [ -72.67257, 6.5154 ] } },
{ "type": "Feature", "properties": { "nivel": "municipio", "codigo": "68152", "label": "Carcasí", "area": 0.0212 }, "geometry": { "type": "Point", "coordinates": [ -72.56626, 6.6579 ] } },
{ "type": "Feature", "properties": { "nivel": "municipio", "codigo": "68160", "label": "Cepitá", "area": 0.0088 }, "geometry": { "type": "Point", "coordinates": [ -72.93034, 6.74612 ] } },
{ "type": "Feature", "properties": { "nivel": "municipio", "codigo": "68162", "label": "Cerrito", "area": 0.0344 }, "geometry": { "type": "Point", "coordinates": [ -72.64345, 6.90107 ] } },
{ "type": "Feature", "properties": { "nivel": "municipio", "codigo": "68167", "label": "Charalá", "area": 0.0342 }, "geometry": { "type": "Point", "coordinates": [ -73.18673, 6.1769 ] } },
{ "type": "Feature", "properties": { "nivel": "municipio", "codigo": "68169", "label": "Charta", "area": 0.0104 }, "geometry": { "type": "Point", "coordinates": [ -72.97758, 7.25198 ] } },
{ "type": "Feature", "properties": { "nivel": "municipio", "codigo": "68176", "label": "Chima", "area": 0.0142 }, "geometry": { "type": "Point", "coordinates": [ -73.40394, 6.38495 ] } },
{ "type": "Feature", "properties": { "nivel": "municipio", "codigo": "68179", "label": "Chipatá", "area": 0.0078 }, "geometry": { "type": "Point", "coordinates": [ -73.63053, 6.07408 ] } },
{ "type": "Feature", "properties": { "nivel": "municipio", "codigo": "68190", "label": "Cimitarra", "area": 0.2595 }, "geometry": { "type": "Point", "coordinates": [ -74.0975, 6.4225 ] } },
{ "type": "Feature", "properties": { "nivel": "municipio", "codigo": "68207", "label": "Concepción", "area": 0.0276 }, "geometry": { "type": "Point", "coordinates": [ -72.69007, 6.80088 ] } },
{ "type": "Feature", "properties": { "nivel": "municipio", "codigo": "68209", "label": "Confines", "area": 0.0058 }, "geometry": { "type": "Point", "coordinates": [ -73.25007, 6.36126 ] } },
{ "type": "Feature", "properties": { "nivel": "municipio", "codigo": "68211", "label": "Contratación", "area": 0.0112 }, "geometry": { "type": "Point", "coordinates": [ -73.5219, 6.30361 ] } },
{ "type": "Feature", "properties": { "nivel": "municipio", "codigo": "68217", "label": "Coromoro", "area": 0.0472 }, "geometry": { "type": "Point", "coordinates": [ -72.99179, 6.24054 ] } },
{ "type": "Feature", "properties": { "nivel": "municipio", "codigo": "68229", "label": "Curití", "area": 0.02 }, "geometry": { "type": "Point", "coordinates": [ -73.03146, 6.61264 ] } },
{ "type": "Feature", "properties": { "nivel": "municipio", "codigo": "68235", "label": "El Carmen de Chucurí", "area": 0.0756 }, "geometry": { "type": "Point", "coordinates": [ -73.55803, 6.67105 ] } },
{ "type": "Feature", "properties": { "nivel": "municipio", "codigo": "68245", "label": "El Guacamayo", "area": 0.0076 }, "geometry": { "type": "Point", "coordinates": [ -73.52236, 6.25413 ] } },
{ "type": "Feature", "properties": { "nivel": "municipio", "codigo": "68250", "label": "El Peñón", "area": 0.0325 }, "geometry": { "type": "Point", "coordinates": [ -73.93232, 6.09747 ] } },
{ "type": "Feature", "properties": { "nivel": "municipio", "codigo": "68255", "label": "El Playón", "area": 0.0373 }, "geometry": { "type": "Point", "coordinates": [ -73.19822, 7.52241 ] } },
{ "type": "Feature", "properties": { "nivel": "municipio", "codigo": "68264", "label": "Encino", "area": 0.0327 }, "geometry": { "type": "Point", "coordinates": [ -73.04067, 6.08461 ] } },
{ "type": "Feature", "properties": { "nivel": "municipio", "codigo": "68266", "label": "Enciso", "area": 0.0061 }, "geometry": { "type": "Point", "coordinates": [ -72.68185, 6.65026 ] } },
{ "type": "Feature", "properties": { "nivel": "municipio", "codigo": "68271", "label": "Florián", "area": 0.0144 }, "geometry": { "type": "Point", "coordinates": [ -73.96993, 5.78717 ] } },
{ "type": "Feature", "properties": { "nivel": "municipio", "codigo": "68276", "label": "Floridablanca", "area": 0.0082 }, "geometry": { "type": "Point", "coordinates": [ -73.06855, 7.08275 ] } },
{ "type": "Feature", "properties": { "nivel": "municipio", "codigo": "68296", "label": "Galán", "area": 0.0165 }, "geometry": { "type": "Point", "coordinates": [ -73.31832, 6.67416 ] } },
{ "type": "Feature", "properties": { "nivel": "municipio", "codigo": "68298", "label": "Gámbita", "area": 0.0497 }, "geometry": { "type": "Point", "coordinates": [ -73.30571, 5.91612 ] } },
{ "type": "Feature", "properties": { "nivel": "municipio", "codigo": "68307", "label": "Girón", "area": 0.0403 }, "geometry": { "type": "Point", "coordinates": [ -73.2942, 7.05041 ] } },
{ "type": "Feature", "properties": { "nivel": "municipio", "codigo": "68318", "label": "Guaca", "area": 0.022 }, "geometry": { "type": "Point", "coordinates": [ -72.81292, 6.92156 ] } },
{ "type": "Feature", "properties": { "nivel": "municipio", "codigo": "68320", "label": "Guadalupe", "area": 0.012 }, "geometry": { "type": "Point", "coordinates": [ -73.39508, 6.23757 ] } },
{ "type": "Feature", "properties": { "nivel": "municipio", "codigo": "68322", "label": "Guapotá", "area": 0.0055 }, "geometry": { "type": "Point", "coordinates": [ -73.32074, 6.3204 ] } },
{ "type": "Feature", "properties": { "nivel": "municipio", "codigo": "68324", "label": "Guavatá", "area": 0.0068 }, "geometry": { "type": "Point", "coordinates": [ -73.71533, 5.94728 ] } },
{ "type": "Feature", "properties": { "nivel": "municipio", "codigo": "68327", "label": "Güepsa", "area": 0.0025 }, "geometry": { "type": "Point", "coordinates": [ -73.56634, 6.03566 ] } },
{ "type": "Feature", "properties": { "nivel": "municipio", "codigo": "68344", "label": "Hato", "area": 0.0138 }, "geometry": { "type": "Point", "coordinates": [ -73.3643, 6.5616 ] } },
{ "type": "Feature", "properties": { "nivel": "municipio", "codigo": "68368", "label": "Jesús María", "area": 0.0073 }, "geometry": { "type": "Point", "coordinates": [ -73.80478, 5.85129 ] } },
{ "type": "Feature", "properties": { "nivel": "municipio", "codigo": "68370", "label": "Jordán", "area": 0.0033 }, "geometry": { "type": "Point", "coordinates": [ -73.09273, 6.71166 ] } },
{ "type": "Feature", "properties": { "nivel": "municipio", "codigo": "68377", "label": "La Belleza", "area": 0.0274 }, "geometry": { "type": "Point", "coordinates": [ -74.07532, 5.9261 ] } },
{ "type": "Feature", "properties": { "nivel": "municipio", "codigo": "68385", "label": "Landázuri", "area": 0.0482 }, "geometry": { "type": "Point", "coordinates": [ -73.77947, 6.36501 ] } },
{ "type": "Feature", "properties": { "nivel": "municipio", "codigo": "68397", "label": "La Paz", "area": 0.0232 }, "geometry": { "type": "Point", "coordinates": [ -73.62648, 6.23533 ] } },
{ "type": "Feature", "properties": { "nivel": "municipio", "codigo": "68406", "label": "Lebrija", "area": 0.0451 }, "geometry": { "type": "Point", "coordinates": [ -73.31014, 7.23523 ] } },
{ "type": "Feature", "properties": { "nivel": "municipio", "codigo": "68418", "label": "Los Santos", "area": 0.0237 }, "geometry": { "type": "Point", "coordinates": [ -73.0957, 6.81757 ] } },
{ "type": "Feature", "properties": { "nivel": "municipio", "codigo": "68425", "label": "Macaravita", "area": 0.0084 }, "geometry": { "type": "Point", "coordinates": [ -72.58695, 6.51337 ] } },
{ "type": "Feature", "properties": { "nivel": "municipio", "codigo": "68432", "label": "Málaga", "area": 0.0047 }, "geometry": { "type": "Point", "coordinates": [ -72.73907, 6.72869 ] } },
{ "type": "Feature", "properties": { "nivel": "municipio", "codigo": "68444", "label": "Matanza", "area": 0.0193 }, "geometry": { "type": "Point", "coordinates": [ -73.04836, 7.32899 ] } },
{ "type": "Feature", "properties": { "nivel": "municipio", "codigo": "68464", "label": "Mogotes", "area": 0.0396 }, "geometry": { "type": "Point", "coordinates": [ -72.97532, 6.50379 ] } },
{ "type": "Feature", "properties": { "nivel": "municipio", "codigo": "68468", "label": "Molagavita", "area": 0.0148 }, "geometry": { "type": "Point", "coordinates": [ -72.82123, 6.63541 ] } },
{ "type": "Feature", "properties": { "nivel": "municipio", "codigo": "68498", "label": "Ocamonte", "area": 0.0061 }, "geometry": { "type": "Point", "coordinates": [ -73.12125, 6.34553 ] } },
{ "type": "Feature", "properties": { "nivel": "municipio", "codigo": "68500", "label": "Oiba", "area": 0.0235 }, "geometry": { "type": "Point", "coordinates": [ -73.27647, 6.23083 ] } },
{ "type": "Feature", "properties": { "nivel": "municipio", "codigo": "68502", "label": "Onzaga", "area": 0.04 }, "geometry": { "type": "Point", "coordinates": [ -72.83413, 6.34294 ] } },
{ "type": "Feature", "properties": { "nivel": "municipio", "codigo": "68522", "label": "Palmar", "area": 0.0016 }, "geometry": { "type": "Point", "coordinates": [ -73.28253, 6.52611 ] } },
{ "type": "Feature", "properties": { "nivel": "municipio", "codigo": "68524", "label": "Palmas del Socorro", "area": 0.0048 }, "geometry": { "type": "Point", "coordinates": [ -73.28223, 6.386 ] } },
{ "type": "Feature", "properties": { "nivel": "municipio", "codigo": "68533", "label": "Páramo", "area": 0.006 }, "geometry": { "type": "Point", "coordinates": [ -73.1818, 6.4145 ] } },
{ "type": "Feature", "properties": { "nivel": "municipio", "codigo": "68547", "label": "Piedecuesta", "area": 0.0396 }, "geometry": { "type": "Point", "coordinates": [ -73.0392, 6.95053 ] } },
{ "type": "Feature", "properties": { "nivel": "municipio", "codigo": "68549", "label": "Pinchote", "area": 0.0045 }, "geometry": { "type": "Point", "coordinates": [ -73.17769, 6.5121 ] } },
{ "type": "Feature", "properties": { "nivel": "municipio", "codigo": "68572", "label": "Puente Nacional", "area": 0.0205 }, "geometry": { "type": "Point", "coordinates": [ -73.68592, 5.82001 ] } },
{ "type": "Feature", "properties": { "nivel": "municipio", "codigo": "68573", "label": "Puerto Parra", "area": 0.0623 }, "geometry": { "type": "Point", "coordinates": [ -73.97729, 6.7003 ] } },
{ "type": "Feature", "properties": { "nivel": "municipio", "codigo": "68575", "label": "Puerto Wilches", "area": 0.1214 }, "geometry": { "type": "Point", "coordinates": [ -73.78562, 7.66711 ] } },
{ "type": "Feature", "properties": { "nivel": "municipio", "codigo": "68615", "label": "Rionegro", "area": 0.0957 }, "geometry": { "type": "Point", "coordinates": [ -73.38306, 7.47919 ] } },
{ "type": "Feature", "properties": { "nivel": "municipio", "codigo": "68655", "label": "Sabana de Torres", "area": 0.117 }, "geometry": { "type": "Point", "coordinates": [ -73.60555, 7.42673 ] } },
{ "type": "Feature", "properties": { "nivel": "municipio", "codigo": "68669", "label": "San Andrés", "area": 0.023 }, "geometry": { "type": "Point", "coordinates": [ -72.82244, 6.82007 ] } },
{ "type": "Feature", "properties": { "nivel": "municipio", "codigo": "68673", "label": "San Benito", "area": 0.0048 }, "geometry": { "type": "Point", "coordinates": [ -73.5297, 6.10365 ] } },
{ "type": "Feature", "properties": { "nivel": "municipio", "codigo": "68679", "label": "San Gil", "area": 0.012 }, "geometry": { "type": "Point", "coordinates": [ -73.15654, 6.56521 ] } },
{ "type": "Feature", "properties": { "nivel": "municipio", "codigo": "68682", "label": "San Joaquín", "area": 0.0117 }, "geometry": { "type": "Point", "coordinates": [ -72.84577, 6.4698 ] } },
{ "type": "Feature", "properties": { "nivel": "municipio", "codigo": "68684", "label": "San José de Miranda", "area": 0.0062 }, "geometry": { "type": "Point", "coordinates": [ -72.73718, 6.62672 ] } },
{ "type": "Feature", "properties": { "nivel": "municipio", "codigo": "68686", "label": "San Miguel", "area": 0.0058 }, "geometry": { "type": "Point", "coordinates": [ -72.63307, 6.56298 ] } },
{ "type": "Feature", "properties": { "nivel": "municipio", "codigo": "68689", "label": "San Vicente de Chucurí", "area": 0.0913 }, "geometry": { "type": "Point", "coordinates": [ -73.51904, 6.92782 ] } },
{ "type": "Feature", "properties": { "nivel": "municipio", "codigo": "68705", "label": "Santa Bárbara", "area": 0.0146 }, "geometry": { "type": "Point", "coordinates": [ -72.90451, 6.96426 ] } },
{ "type": "Feature", "properties": { "nivel": "municipio", "codigo": "68720", "label": "Santa Helena del Opón", "area": 0.0306 }, "geometry": { "type": "Point", "coordinates": [ -73.57184, 6.40481 ] } },
{ "type": "Feature", "properties": { "nivel": "municipio", "codigo": "68745", "label": "Simacota", "area": 0.074 }, "geometry": { "type": "Point", "coordinates": [ -73.78521, 6.65734 ] } },
{ "type": "Feature", "properties": { "nivel": "municipio", "codigo": "68755", "label": "Socorro", "area": 0.0104 }, "geometry": { "type": "Point", "coordinates": [ -73.23955, 6.46647 ] } },
{ "type": "Feature", "properties": { "nivel": "municipio", "codigo": "68770", "label": "Suaita", "area": 0.0231 }, "geometry": { "type": "Point", "coordinates": [ -73.36212, 6.1251 ] } },
{ "type": "Feature", "properties": { "nivel": "municipio", "codigo": "68773", "label": "Sucre", "area": 0.0427 }, "geometry": { "type": "Point", "coordinates": [ -74.00567, 6.00881 ] } },
{ "type": "Feature", "properties": { "nivel": "municipio", "codigo": "68780", "label": "Suratá", "area": 0.0297 }, "geometry": { "type": "Point", "coordinates": [ -72.96993, 7.4572 ] } },
{ "type": "Feature", "properties": { "nivel": "municipio", "codigo": "68820", "label": "Tona", "area": 0.0271 }, "geometry": { "type": "Point", "coordinates": [ -72.95469, 7.16736 ] } },
{ "type": "Feature", "properties": { "nivel": "municipio", "codigo": "68855", "label": "Valle de San José", "area": 0.0066 }, "geometry": { "type": "Point", "coordinates": [ -73.11323, 6.43387 ] } },
{ "type": "Feature", "properties": { "nivel": "municipio", "codigo": "68861", "label": "Vélez", "area": 0.0366 }, "geometry": { "type": "Point", "coordinates": [ -73.70486, 6.24096 ] } },
{ "type": "Feature", "properties": { "nivel": "municipio", "codigo": "68867", "label": "Vetas", "area": 0.0076 }, "geometry": { "type": "Point", "coordinates": [ -72.88612, 7.31977 ] } },
{ "type": "Feature", "properties": { "nivel": "municipio", "codigo": "68872", "label": "Villanueva", "area": 0.008 }, "geometry": { "type": "Point", "coordinates": [ -73.15029, 6.68442 ] } },
{ "type": "Feature", "properties": { "nivel": "municipio", "codigo": "68895", "label": "Zapatoca", "area": 0.0298 }, "geometry": { "type": "Point", "coordinates": [ -73.25458, 6.84854 ] } },
{ "type": "Feature", "properties": { "nivel": "municipio", "codigo": "70001", "label": "Sincelejo", "area": 0.023 }, "geometry": { "type": "Point", "coordinates": [ -75.42769, 9.32776 ] } },
{ "type": "Feature", "properties": { "nivel": "municipio", "codigo": "70110", "label": "Buenavista", "area": 0.0121 }, "geometry": { "type": "Point", "coordinates": [ -74.96586, 9.32656 ] } },
{ "type": "Feature", "properties": { "nivel": "municipio", "codigo": "70124", "label": "Caimito", "area": 0.0339 }, "geometry": { "type": "Point", "coordinates": [ -75.12352, 8.78787 ] } },
{ "type": "Feature", "properties": { "nivel": "municipio", "codigo": "70204", "label": "Colosó", "area": 0.0108 }, "geometry": { "type": "Point", "coordinates": [ -75.37076, 9.54132 ] } },
{ "type": "Feature", "properties": { "nivel": "municipio", "codigo": "70215", "label": "Corozal", "area": 0.0235 }, "geometry": { "type": "Point", "coordinates": [ -75.30386, 9.20606 ] } },
{ "type": "Feature", "properties": { "nivel": "municipio", "codigo": "70221", "label": "Coveñas", "area": 0.0047 }, "geometry": { "type": "Point", "coordinates": [ -75.64382, 9.40604 ] } },
{ "type": "Feature", "properties": { "nivel": "municipio", "codigo": "70230", "label": "Chalán", "area": 0.0069 }, "geometry": { "type": "Point", "coordinates": [ -75.32084, 9.57214 ] } },
{ "type": "Feature", "properties": { "nivel": "municipio", "codigo": "70233", "label": "El Roble", "area": 0.0163 }, "geometry": { "type": "Point", "coordinates": [ -75.09628, 9.07968 ] } },
{ "type": "Feature", "properties": { "nivel": "municipio", "codigo": "70235", "label": "Galeras", "area": 0.0265 }, "geometry": { "type": "Point", "coordinates": [ -74.96461, 9.11877 ] } },
{ "type": "Feature", "properties": { "nivel": "municipio", "codigo": "70265", "label": "Guaranda", "area": 0.0297 }, "geometry": { "type": "Point", "coordinates": [ -74.79736, 8.39393 ] } },
{ "type": "Feature", "properties": { "nivel": "municipio", "codigo": "70400", "label": "La Unión", "area": 0.0191 }, "geometry": { "type": "Point", "coordinates": [ -75.30022, 8.81419 ] } },
{ "type": "Feature", "properties": { "nivel": "municipio", "codigo": "70418", "label": "Los Palmitos", "area": 0.0164 }, "geometry": { "type": "Point", "coordinates": [ -75.18383, 9.42014 ] } },
{ "type": "Feature", "properties": { "nivel": "municipio", "codigo": "70429", "label": "Majagual", "area": 0.0694 }, "geometry": { "type": "Point", "coordinates": [ -74.69446, 8.55708 ] } },
{ "type": "Feature", "properties": { "nivel": "municipio", "codigo": "70473", "label": "Morroa", "area": 0.014 }, "geometry": { "type": "Point", "coordinates": [ -75.3267, 9.392 ] } },
{ "type": "Feature", "properties": { "nivel": "municipio", "codigo": "70508", "label": "Ovejas", "area": 0.0379 }, "geometry": { "type": "Point", "coordinates": [ -75.19279, 9.56142 ] } },
{ "type": "Feature", "properties": { "nivel": "municipio", "codigo": "70523", "label": "Palmito", "area": 0.0144 }, "geometry": { "type": "Point", "coordinates": [ -75.55296, 9.33291 ] } },
{ "type": "Feature", "properties": { "nivel": "municipio", "codigo": "70670", "label": "Sampués", "area": 0.0176 }, "geometry": { "type": "Point", "coordinates": [ -75.33513, 9.15623 ] } },
{ "type": "Feature", "properties": { "nivel": "municipio", "codigo": "70678", "label": "San Benito Abad", "area": 0.1228 }, "geometry": { "type": "Point", "coordinates": [ -74.9436, 8.7781 ] } },
{ "type": "Feature", "properties": { "nivel": "municipio", "codigo": "70702", "label": "San Juan de Betulia", "area": 0.0138 }, "geometry": { "type": "Point", "coordinates": [ -75.21468, 9.29987 ] } },
{ "type": "Feature", "properties": { "nivel": "municipio", "codigo": "70708", "label": "San Marcos", "area": 0.0797 }, "geometry": { "type": "Point", "coordinates": [ -75.15375, 8.56884 ] } },
{ "type": "Feature", "properties": { "nivel": "municipio", "codigo": "70713", "label": "San Onofre", "area": 0.0853 }, "geometry": { "type": "Point", "coordinates": [ -75.51812, 9.88426 ] } },
{ "type": "Feature", "properties": { "nivel": "municipio", "codigo": "70717", "label": "San Pedro", "area": 0.0175 }, "geometry": { "type": "Point", "coordinates": [ -75.03427, 9.39435 ] } },
{ "type": "Feature", "properties": { "nivel": "municipio", "codigo": "70742", "label": "San Luis de Sincé", "area": 0.0345 }, "geometry": { "type": "Point", "coordinates": [ -75.08088, 9.25272 ] } },
{ "type": "Feature", "properties": { "nivel": "municipio", "codigo": "70771", "label": "Sucre", "area": 0.093 }, "geometry": { "type": "Point", "coordinates": [ -74.72572, 8.78248 ] } },
{ "type": "Feature", "properties": { "nivel": "municipio", "codigo": "70820", "label": "Santiago de Tolú", "area": 0.0249 }, "geometry": { "type": "Point", "coordinates": [ -75.52968, 9.53075 ] } },
{ "type": "Feature", "properties": { "nivel": "municipio", "codigo": "70823", "label": "San José de Toluviejo", "area": 0.0235 }, "geometry": { "type": "Point", "coordinates": [ -75.44471, 9.50956 ] } },
{ "type": "Feature", "properties": { "nivel": "municipio", "codigo": "73001", "label": "Ibagué", "area": 0.1122 }, "geometry": { "type": "Point", "coordinates": [ -75.23166, 4.4786 ] } },
{ "type": "Feature", "properties": { "nivel": "municipio", "codigo": "73024", "label": "Alpujarra", "area": 0.0408 }, "geometry": { "type": "Point", "coordinates": [ -74.92153, 3.39453 ] } },
{ "type": "Feature", "properties": { "nivel": "municipio", "codigo": "73026", "label": "Alvarado", "area": 0.0281 }, "geometry": { "type": "Point", "coordinates": [ -74.98223, 4.57562 ] } },
{ "type": "Feature", "properties": { "nivel": "municipio", "codigo": "73030", "label": "Ambalema", "area": 0.0194 }, "geometry": { "type": "Point", "coordinates": [ -74.80324, 4.8318 ] } },
{ "type": "Feature", "properties": { "nivel": "municipio", "codigo": "73043", "label": "Anzoátegui", "area": 0.0383 }, "geometry": { "type": "Point", "coordinates": [ -75.16475, 4.62449 ] } },
{ "type": "Feature", "properties": { "nivel": "municipio", "codigo": "73055", "label": "Armero", "area": 0.0359 }, "geometry": { "type": "Point", "coordinates": [ -74.85109, 5.01569 ] } },
{ "type": "Feature", "properties": { "nivel": "municipio", "codigo": "73067", "label": "Ataco", "area": 0.0828 }, "geometry": { "type": "Point", "coordinates": [ -75.48698, 3.43662 ] } },
{ "type": "Feature", "properties": { "nivel": "municipio", "codigo": "73124", "label": "Cajamarca", "area": 0.0414 }, "geometry": { "type": "Point", "coordinates": [ -75.47742, 4.40972 ] } },
{ "type": "Feature", "properties": { "nivel": "municipio", "codigo": "73148", "label": "Carmen de Apicalá", "area": 0.0155 }, "geometry": { "type": "Point", "coordinates": [ -74.73596, 4.13095 ] } },
{ "type": "Feature", "properties": { "nivel": "municipio", "codigo": "73152", "label": "Casabianca", "area": 0.0143 }, "geometry": { "type": "Point", "coordinates": [ -75.18598, 5.00839 ] } },
{ "type": "Feature", "properties": { "nivel": "municipio", "codigo": "73168", "label": "Chaparral", "area": 0.171 }, "geometry": { "type": "Point", "coordinates": [ -75.54949, 3.75295 ] } },
{ "type": "Feature", "properties": { "nivel": "municipio", "codigo": "73200", "label": "Coello", "area": 0.028 }, "geometry": { "type": "Point", "coordinates": [ -74.8911, 4.36139 ] } },
{ "type": "Feature", "properties": { "nivel": "municipio", "codigo": "73217", "label": "Coyaima", "area": 0.0544 }, "geometry": { "type": "Point", "coordinates": [ -75.12546, 3.74981 ] } },
{ "type": "Feature", "properties": { "nivel": "municipio", "codigo": "73226", "label": "Cunday", "area": 0.0413 }, "geometry": { "type": "Point", "coordinates": [ -74.72708, 3.96658 ] } },
{ "type": "Feature", "properties": { "nivel": "municipio", "codigo": "73236", "label": "Dolores", "area": 0.0531 }, "geometry": { "type": "Point", "coordinates": [ -74.8097, 3.62774 ] } },
{ "type": "Feature", "properties": { "nivel": "municipio", "codigo": "73268", "label": "Espinal", "area": 0.0176 }, "geometry": { "type": "Point", "coordinates": [ -74.88982, 4.16941 ] } },
{ "type": "Feature", "properties": { "nivel": "municipio", "codigo": "73270", "label": "Falan", "area": 0.0148 }, "geometry": { "type": "Point", "coordinates": [ -74.94141, 5.09091 ] } },
{ "type": "Feature", "properties": { "nivel": "municipio", "codigo": "73275", "label": "Flandes", "area": 0.0079 }, "geometry": { "type": "Point", "coordinates": [ -74.8386, 4.2404 ] } },
{ "type": "Feature", "properties": { "nivel": "municipio", "codigo": "73283", "label": "Fresno", "area": 0.0179 }, "geometry": { "type": "Point", "coordinates": [ -75.04178, 5.19233 ] } },
{ "type": "Feature", "properties": { "nivel": "municipio", "codigo": "73319", "label": "Guamo", "area": 0.0412 }, "geometry": { "type": "Point", "coordinates": [ -74.97332, 4.10172 ] } },
{ "type": "Feature", "properties": { "nivel": "municipio", "codigo": "73347", "label": "Herveo", "area": 0.0263 }, "geometry": { "type": "Point", "coordinates": [ -75.25306, 5.03546 ] } },
{ "type": "Feature", "properties": { "nivel": "municipio", "codigo": "73349", "label": "Honda", "area": 0.0249 }, "geometry": { "type": "Point", "coordinates": [ -74.78638, 5.17955 ] } },
{ "type": "Feature", "properties": { "nivel": "municipio", "codigo": "73352", "label": "Icononzo", "area": 0.0175 }, "geometry": { "type": "Point", "coordinates": [ -74.54497, 4.12134 ] } },
{ "type": "Feature", "properties": { "nivel": "municipio", "codigo": "73408", "label": "Lérida", "area": 0.0222 }, "geometry": { "type": "Point", "coordinates": [ -74.88781, 4.86876 ] } },
{ "type": "Feature", "properties": { "nivel": "municipio", "codigo": "73411", "label": "Líbano", "area": 0.023 }, "geometry": { "type": "Point", "coordinates": [ -75.03822, 4.87579 ] } },
{ "type": "Feature", "properties": { "nivel": "municipio", "codigo": "73443", "label": "San Sebastián de Mariquita", "area": 0.0239 }, "geometry": { "type": "Point", "coordinates": [ -74.89902, 5.2272 ] } },
{ "type": "Feature", "properties": { "nivel": "municipio", "codigo": "73449", "label": "Melgar", "area": 0.0165 }, "geometry": { "type": "Point", "coordinates": [ -74.6391, 4.18407 ] } },
{ "type": "Feature", "properties": { "nivel": "municipio", "codigo": "73461", "label": "Murillo", "area": 0.0345 }, "geometry": { "type": "Point", "coordinates": [ -75.23469, 4.82654 ] } },
{ "type": "Feature", "properties": { "nivel": "municipio", "codigo": "73483", "label": "Natagaima", "area": 0.07 }, "geometry": { "type": "Point", "coordinates": [ -75.13531, 3.5309 ] } },
{ "type": "Feature", "properties": { "nivel": "municipio", "codigo": "73504", "label": "Ortega", "area": 0.0776 }, "geometry": { "type": "Point", "coordinates": [ -75.25698, 3.93294 ] } },
{ "type": "Feature", "properties": { "nivel": "municipio", "codigo": "73520", "label": "Palocabildo", "area": 0.0053 }, "geometry": { "type": "Point", "coordinates": [ -75.01897, 5.09617 ] } },
{ "type": "Feature", "properties": { "nivel": "municipio", "codigo": "73547", "label": "Piedras", "area": 0.0289 }, "geometry": { "type": "Point", "coordinates": [ -74.9371, 4.49047 ] } },
{ "type": "Feature", "properties": { "nivel": "municipio", "codigo": "73555", "label": "Planadas", "area": 0.1426 }, "geometry": { "type": "Point", "coordinates": [ -75.85586, 3.09782 ] } },
{ "type": "Feature", "properties": { "nivel": "municipio", "codigo": "73563", "label": "Prado", "area": 0.0344 }, "geometry": { "type": "Point", "coordinates": [ -74.85539, 3.72413 ] } },
{ "type": "Feature", "properties": { "nivel": "municipio", "codigo": "73585", "label": "Purificación", "area": 0.0327 }, "geometry": { "type": "Point", "coordinates": [ -74.90636, 3.87735 ] } },
{ "type": "Feature", "properties": { "nivel": "municipio", "codigo": "73616", "label": "Rioblanco", "area": 0.1664 }, "geometry": { "type": "Point", "coordinates": [ -75.802, 3.47311 ] } },
{ "type": "Feature", "properties": { "nivel": "municipio", "codigo": "73622", "label": "Roncesvalles", "area": 0.0631 }, "geometry": { "type": "Point", "coordinates": [ -75.58988, 4.10371 ] } },
{ "type": "Feature", "properties": { "nivel": "municipio", "codigo": "73624", "label": "Rovira", "area": 0.0602 }, "geometry": { "type": "Point", "coordinates": [ -75.36926, 4.19331 ] } },
{ "type": "Feature", "properties": { "nivel": "municipio", "codigo": "73671", "label": "Saldaña", "area": 0.0157 }, "geometry": { "type": "Point", "coordinates": [ -75.02043, 3.91098 ] } },
{ "type": "Feature", "properties": { "nivel": "municipio", "codigo": "73675", "label": "San Antonio", "area": 0.0312 }, "geometry": { "type": "Point", "coordinates": [ -75.51487, 3.97443 ] } },
{ "type": "Feature", "properties": { "nivel": "municipio", "codigo": "73678", "label": "San Luis", "area": 0.0336 }, "geometry": { "type": "Point", "coordinates": [ -75.11492, 4.1259 ] } },
{ "type": "Feature", "properties": { "nivel": "municipio", "codigo": "73686", "label": "Santa Isabel", "area": 0.022 }, "geometry": { "type": "Point", "coordinates": [ -75.24793, 4.73391 ] } },
{ "type": "Feature", "properties": { "nivel": "municipio", "codigo": "73770", "label": "Suárez", "area": 0.0155 }, "geometry": { "type": "Point", "coordinates": [ -74.81381, 4.08063 ] } },
{ "type": "Feature", "properties": { "nivel": "municipio", "codigo": "73854", "label": "Valle de San Juan", "area": 0.0161 }, "geometry": { "type": "Point", "coordinates": [ -75.16547, 4.18929 ] } },
{ "type": "Feature", "properties": { "nivel": "municipio", "codigo": "73861", "label": "Venadillo", "area": 0.0273 }, "geometry": { "type": "Point", "coordinates": [ -74.93793, 4.71017 ] } },
{ "type": "Feature", "properties": { "nivel": "municipio", "codigo": "73870", "label": "Villahermosa", "area": 0.0228 }, "geometry": { "type": "Point", "coordinates": [ -75.1376, 4.97722 ] } },
{ "type": "Feature", "properties": { "nivel": "municipio", "codigo": "73873", "label": "Villarrica", "area": 0.035 }, "geometry": { "type": "Point", "coordinates": [ -74.61824, 3.84613 ] } },
{ "type": "Feature", "properties": { "nivel": "municipio", "codigo": "76001", "label": "Santiago de Cali", "area": 0.0457 }, "geometry": { "type": "Point", "coordinates": [ -76.58183, 3.41072 ] } },
{ "type": "Feature", "properties": { "nivel": "municipio", "codigo": "76020", "label": "Alcalá", "area": 0.0051 }, "geometry": { "type": "Point", "coordinates": [ -75.78796, 4.68516 ] } },
{ "type": "Feature", "properties": { "nivel": "municipio", "codigo": "76036", "label": "Andalucía", "area": 0.009 }, "geometry": { "type": "Point", "coordinates": [ -76.16954, 4.14165 ] } },
{ "type": "Feature", "properties": { "nivel": "municipio", "codigo": "76041", "label": "Ansermanuevo", "area": 0.0249 }, "geometry": { "type": "Point", "coordinates": [ -76.04896, 4.79012 ] } },
{ "type": "Feature", "properties": { "nivel": "municipio", "codigo": "76054", "label": "Argelia", "area": 0.0074 }, "geometry": { "type": "Point", "coordinates": [ -76.13735, 4.7181 ] } },
{ "type": "Feature", "properties": { "nivel": "municipio", "codigo": "76100", "label": "Bolívar", "area": 0.0605 }, "geometry": { "type": "Point", "coordinates": [ -76.354, 4.36363 ] } },
{ "type": "Feature", "properties": { "nivel": "municipio", "codigo": "76109", "label": "Buenaventura", "area": 0.5111 }, "geometry": { "type": "Point", "coordinates": [ -76.98055, 3.67138 ] } },
{ "type": "Feature", "properties": { "nivel": "municipio", "codigo": "76111", "label": "Guadalajara de Buga", "area": 0.0672 }, "geometry": { "type": "Point", "coordinates": [ -76.111, 3.856 ] } },
{ "type": "Feature", "properties": { "nivel": "municipio", "codigo": "76113", "label": "Bugalagrande", "area": 0.0323 }, "geometry": { "type": "Point", "coordinates": [ -76.09231, 4.20057 ] } },
{ "type": "Feature", "properties": { "nivel": "municipio", "codigo": "76122", "label": "Caicedonia", "area": 0.0136 }, "geometry": { "type": "Point", "coordinates": [ -75.83951, 4.30711 ] } },
{ "type": "Feature", "properties": { "nivel": "municipio", "codigo": "76126", "label": "Calima", "area": 0.0645 }, "geometry": { "type": "Point", "coordinates": [ -76.64317, 3.95523 ] } },
{ "type": "Feature", "properties": { "nivel": "municipio", "codigo": "76130", "label": "Candelaria", "area": 0.0241 }, "geometry": { "type": "Point", "coordinates": [ -76.39233, 3.37716 ] } },
{ "type": "Feature", "properties": { "nivel": "municipio", "codigo": "76147", "label": "Cartago", "area": 0.0202 }, "geometry": { "type": "Point", "coordinates": [ -75.93237, 4.71033 ] } },
{ "type": "Feature", "properties": { "nivel": "municipio", "codigo": "76233", "label": "Dagua", "area": 0.0745 }, "geometry": { "type": "Point", "coordinates": [ -76.72369, 3.6511 ] } },
{ "type": "Feature", "properties": { "nivel": "municipio", "codigo": "76243", "label": "El Águila", "area": 0.0153 }, "geometry": { "type": "Point", "coordinates": [ -76.06019, 4.93817 ] } },
{ "type": "Feature", "properties": { "nivel": "municipio", "codigo": "76246", "label": "El Cairo", "area": 0.0174 }, "geometry": { "type": "Point", "coordinates": [ -76.22421, 4.75752 ] } },
{ "type": "Feature", "properties": { "nivel": "municipio", "codigo": "76248", "label": "El Cerrito", "area": 0.0359 }, "geometry": { "type": "Point", "coordinates": [ -76.34124, 3.68664 ] } },
{ "type": "Feature", "properties": { "nivel": "municipio", "codigo": "76250", "label": "El Dovio", "area": 0.0192 }, "geometry": { "type": "Point", "coordinates": [ -76.29636, 4.56147 ] } },
{ "type": "Feature", "properties": { "nivel": "municipio", "codigo": "76275", "label": "Florida", "area": 0.0326 }, "geometry": { "type": "Point", "coordinates": [ -76.18981, 3.30015 ] } },
{ "type": "Feature", "properties": { "nivel": "municipio", "codigo": "76306", "label": "Ginebra", "area": 0.0218 }, "geometry": { "type": "Point", "coordinates": [ -76.20135, 3.74735 ] } },
{ "type": "Feature", "properties": { "nivel": "municipio", "codigo": "76318", "label": "Guacarí", "area": 0.0132 }, "geometry": { "type": "Point", "coordinates": [ -76.30082, 3.77942 ] } },
{ "type": "Feature", "properties": { "nivel": "municipio", "codigo": "76364", "label": "Jamundí", "area": 0.0511 }, "geometry": { "type": "Point", "coordinates": [ -76.61873, 3.22374 ] } },
{ "type": "Feature", "properties": { "nivel": "municipio", "codigo": "76377", "label": "La Cumbre", "area": 0.0208 }, "geometry": { "type": "Point", "coordinates": [ -76.57655, 3.70497 ] } },
{ "type": "Feature", "properties": { "nivel": "municipio", "codigo": "76400", "label": "La Unión", "area": 0.0098 }, "geometry": { "type": "Point", "coordinates": [ -76.11248, 4.53707 ] } },
{ "type": "Feature", "properties": { "nivel": "municipio", "codigo": "76403", "label": "La Victoria", "area": 0.0215 }, "geometry": { "type": "Point", "coordinates": [ -75.97478, 4.48506 ] } },
{ "type": "Feature", "properties": { "nivel": "municipio", "codigo": "76497", "label": "Obando", "area": 0.0175 }, "geometry": { "type": "Point", "coordinates": [ -75.94215, 4.59774 ] } },
{ "type": "Feature", "properties": { "nivel": "municipio", "codigo": "76520", "label": "Palmira", "area": 0.0817 }, "geometry": { "type": "Point", "coordinates": [ -76.22261, 3.58418 ] } },
{ "type": "Feature", "properties": { "nivel": "municipio", "codigo": "76563", "label": "Pradera", "area": 0.029 }, "geometry": { "type": "Point", "coordinates": [ -76.17408, 3.42137 ] } },
{ "type": "Feature", "properties": { "nivel": "municipio", "codigo": "76606", "label": "Restrepo", "area": 0.0112 }, "geometry": { "type": "Point", "coordinates": [ -76.52834, 3.81019 ] } },
{ "type": "Feature", "properties": { "nivel": "municipio", "codigo": "76616", "label": "Riofrío", "area": 0.0251 }, "geometry": { "type": "Point", "coordinates": [ -76.38543, 4.10424 ] } },
{ "type": "Feature", "properties": { "nivel": "municipio", "codigo": "76622", "label": "Roldanillo", "area": 0.0191 }, "geometry": { "type": "Point", "coordinates": [ -76.17331, 4.44186 ] } },
{ "type": "Feature", "properties": { "nivel": "municipio", "codigo": "76670", "label": "San Pedro", "area": 0.0164 }, "geometry": { "type": "Point", "coordinates": [ -76.21306, 3.97649 ] } },
{ "type": "Feature", "properties": { "nivel": "municipio", "codigo": "76736", "label": "Sevilla", "area": 0.0437 }, "geometry": { "type": "Point", "coordinates": [ -75.87441, 4.15782 ] } },
{ "type": "Feature", "properties": { "nivel": "municipio", "codigo": "76823", "label": "Toro", "area": 0.0143 }, "geometry": { "type": "Point", "coordinates": [ -76.07434, 4.64686 ] } },
{ "type": "Feature", "properties": { "nivel": "municipio", "codigo": "76828", "label": "Trujillo", "area": 0.025 }, "geometry": { "type": "Point", "coordinates": [ -76.33727, 4.23256 ] } },
{ "type": "Feature", "properties": { "nivel": "municipio", "codigo": "76834", "label": "Tuluá", "area": 0.074 }, "geometry": { "type": "Point", "coordinates": [ -76.03205, 4.03733 ] } },
{ "type": "Feature", "properties": { "nivel": "municipio", "codigo": "76845", "label": "Ulloa", "area": 0.0034 }, "geometry": { "type": "Point", "coordinates": [ -75.78112, 4.70817 ] } },
{ "type": "Feature", "properties": { "nivel": "municipio", "codigo": "76863", "label": "Versalles", "area": 0.0163 }, "geometry": { "type": "Point", "coordinates": [ -76.19397, 4.61206 ] } },
{ "type": "Feature", "properties": { "nivel": "municipio", "codigo": "76869", "label": "Vijes", "area": 0.0092 }, "geometry": { "type": "Point", "coordinates": [ -76.48788, 3.75583 ] } },
{ "type": "Feature", "properties": { "nivel": "municipio", "codigo": "76890", "label": "Yotoco", "area": 0.0266 }, "geometry": { "type": "Point", "coordinates": [ -76.3993, 3.89859 ] } },
{ "type": "Feature", "properties": { "nivel": "municipio", "codigo": "76892", "label": "Yumbo", "area": 0.0187 }, "geometry": { "type": "Point", "coordinates": [ -76.51354, 3.59502 ] } },
{ "type": "Feature", "properties": { "nivel": "municipio", "codigo": "76895", "label": "Zarzal", "area": 0.0299 }, "geometry": { "type": "Point", "coordinates": [ -76.0423, 4.35541 ] } },
{ "type": "Feature", "properties": { "nivel": "municipio", "codigo": "81001", "label": "Arauca", "area": 0.4716 }, "geometry": { "type": "Point", "coordinates": [ -70.49596, 6.7948 ] } },
{ "type": "Feature", "properties": { "nivel": "municipio", "codigo": "81065", "label": "Arauquita", "area": 0.2487 }, "geometry": { "type": "Point", "coordinates": [ -71.29924, 6.79093 ] } },
{ "type": "Feature", "properties": { "nivel": "municipio", "codigo": "81220", "label": "Cravo Norte", "area": 0.4239 }, "geometry": { "type": "Point", "coordinates": [ -70.1515, 6.34174 ] } },
{ "type": "Feature", "properties": { "nivel": "municipio", "codigo": "81300", "label": "Fortul", "area": 0.0946 }, "geometry": { "type": "Point", "coordinates": [ -71.9513, 6.69641 ] } },
{ "type": "Feature", "properties": { "nivel": "municipio", "codigo": "81591", "label": "Puerto Rondón", "area": 0.1859 }, "geometry": { "type": "Point", "coordinates": [ -70.97146, 6.42081 ] } },
{ "type": "Feature", "properties": { "nivel": "municipio", "codigo": "81736", "label": "Saravena", "area": 0.0772 }, "geometry": { "type": "Point", "coordinates": [ -71.83648, 6.90633 ] } },
{ "type": "Feature", "properties": { "nivel": "municipio", "codigo": "81794", "label": "Tame", "area": 0.4422 }, "geometry": { "type": "Point", "coordinates": [ -71.77738, 6.38513 ] } },
{ "type": "Feature", "properties": { "nivel": "municipio", "codigo": "85001", "label": "Yopal", "area": 0.2023 }, "geometry": { "type": "Point", "coordinates": [ -72.24117, 5.23695 ] } },
{ "type": "Feature", "properties": { "nivel": "municipio", "codigo": "85010", "label": "Aguazul", "area": 0.1176 }, "geometry": { "type": "Point", "coordinates": [ -72.55226, 5.10596 ] } },
{ "type": "Feature", "properties": { "nivel": "municipio", "codigo": "85015", "label": "Chámeza", "area": 0.0253 }, "geometry": { "type": "Point", "coordinates": [ -72.86912, 5.23843 ] } },
{ "type": "Feature", "properties": { "nivel": "municipio", "codigo": "85125", "label": "Hato Corozal", "area": 0.4489 }, "geometry": { "type": "Point", "coordinates": [ -71.58588, 6.05729 ] } },
{ "type": "Feature", "properties": { "nivel": "municipio", "codigo": "85136", "label": "La Salina", "area": 0.0163 }, "geometry": { "type": "Point", "coordinates": [ -72.36338, 6.21063 ] } },
{ "type": "Feature", "properties": { "nivel": "municipio", "codigo": "85139", "label": "Maní", "area": 0.3057 }, "geometry": { "type": "Point", "coordinates": [ -72.2287, 4.72392 ] } },
{ "type": "Feature", "properties": { "nivel": "municipio", "codigo": "85162", "label": "Monterrey", "area": 0.0635 }, "geometry": { "type": "Point", "coordinates": [ -72.86016, 4.85387 ] } },
{ "type": "Feature", "properties": { "nivel": "municipio", "codigo": "85225", "label": "Nunchía", "area": 0.0898 }, "geometry": { "type": "Point", "coordinates": [ -72.08973, 5.53172 ] } },
{ "type": "Feature", "properties": { "nivel": "municipio", "codigo": "85230", "label": "Orocué", "area": 0.3868 }, "geometry": { "type": "Point", "coordinates": [ -71.60154, 4.91104 ] } },
{ "type": "Feature", "properties": { "nivel": "municipio", "codigo": "85250", "label": "Paz de Ariporo", "area": 0.986 }, "geometry": { "type": "Point", "coordinates": [ -70.98522, 5.77154 ] } },
{ "type": "Feature", "properties": { "nivel": "municipio", "codigo": "85263", "label": "Pore", "area": 0.0637 }, "geometry": { "type": "Point", "coordinates": [ -71.96602, 5.68411 ] } },
{ "type": "Feature", "properties": { "nivel": "municipio", "codigo": "85279", "label": "Recetor", "area": 0.0148 }, "geometry": { "type": "Point", "coordinates": [ -72.76021, 5.27758 ] } },
{ "type": "Feature", "properties": { "nivel": "municipio", "codigo": "85300", "label": "Sabanalarga", "area": 0.0327 }, "geometry": { "type": "Point", "coordinates": [ -73.01889, 4.83192 ] } },
{ "type": "Feature", "properties": { "nivel": "municipio", "codigo": "85315", "label": "Sácama", "area": 0.0255 }, "geometry": { "type": "Point", "coordinates": [ -72.21926, 6.04962 ] } },
{ "type": "Feature", "properties": { "nivel": "municipio", "codigo": "85325", "label": "San Luis de Palenque", "area": 0.2434 }, "geometry": { "type": "Point", "coordinates": [ -71.74393, 5.27737 ] } },
{ "type": "Feature", "properties": { "nivel": "municipio", "codigo": "85400", "label": "Támara", "area": 0.089 }, "geometry": { "type": "Point", "coordinates": [ -72.23846, 5.88112 ] } },
{ "type": "Feature", "properties": { "nivel": "municipio", "codigo": "85410", "label": "Tauramena", "area": 0.1943 }, "geometry": { "type": "Point", "coordinates": [ -72.62966, 4.74282 ] } },
{ "type": "Feature", "properties": { "nivel": "municipio", "codigo": "85430", "label": "Trinidad", "area": 0.2416 }, "geometry": { "type": "Point", "coordinates": [ -71.12271, 5.35659 ] } },
{ "type": "Feature", "properties": { "nivel": "municipio", "codigo": "85440", "label": "Villanueva", "area": 0.0679 }, "geometry": { "type": "Point", "coordinates": [ -72.83053, 4.50283 ] } },
{ "type": "Feature", "properties": { "nivel": "municipio", "codigo": "86001", "label": "Mocoa", "area": 0.1058 }, "geometry": { "type": "Point", "coordinates": [ -76.64972, 1.16793 ] } },
{ "type": "Feature", "properties": { "nivel": "municipio", "codigo": "86219", "label": "Colón", "area": 0.0052 }, "geometry": { "type": "Point", "coordinates": [ -76.95876, 1.22529 ] } },
{ "type": "Feature", "properties": { "nivel": "municipio", "codigo": "86320", "label": "Orito", "area": 0.1572 }, "geometry": { "type": "Point", "coordinates": [ -76.91376, 0.68004 ] } },
{ "type": "Feature", "properties": { "nivel": "municipio", "codigo": "86568", "label": "Puerto Asís", "area": 0.2287 }, "geometry": { "type": "Point", "coordinates": [ -76.22554, 0.44027 ] } },
{ "type": "Feature", "properties": { "nivel": "municipio", "codigo": "86569", "label": "Puerto Caicedo", "area": 0.0751 }, "geometry": { "type": "Point", "coordinates": [ -76.48262, 0.73635 ] } },
{ "type": "Feature", "properties": { "nivel": "municipio", "codigo": "86571", "label": "Puerto Guzmán", "area": 0.3715 }, "geometry": { "type": "Point", "coordinates": [ -75.8801, 0.75624 ] } },
{ "type": "Feature", "properties": { "nivel": "municipio", "codigo": "86573", "label": "Puerto Leguízamo", "area": 0.8858 }, "geometry": { "type": "Point", "coordinates": [ -75.26272, 0.08168 ] } },
{ "type": "Feature", "properties": { "nivel": "municipio", "codigo": "86749", "label": "Sibundoy", "area": 0.0079 }, "geometry": { "type": "Point", "coordinates": [ -76.91217, 1.23773 ] } },
{ "type": "Feature", "properties": { "nivel": "municipio", "codigo": "86755", "label": "San Francisco", "area": 0.033 }, "geometry": { "type": "Point", "coordinates": [ -76.87004, 1.14763 ] } },
{ "type": "Feature", "properties": { "nivel": "municipio", "codigo": "86757", "label": "San Miguel", "area": 0.0308 }, "geometry": { "type": "Point", "coordinates": [ -76.94409, 0.31123 ] } },
{ "type": "Feature", "properties": { "nivel": "municipio", "codigo": "86760", "label": "Santiago", "area": 0.0277 }, "geometry": { "type": "Point", "coordinates": [ -77.019, 1.09031 ] } },
{ "type": "Feature", "properties": { "nivel": "municipio", "codigo": "86865", "label": "Valle del Guamuez", "area": 0.0661 }, "geometry": { "type": "Point", "coordinates": [ -76.88207, 0.42198 ] } },
{ "type": "Feature", "properties": { "nivel": "municipio", "codigo": "86885", "label": "Villagarzón", "area": 0.1133 }, "geometry": { "type": "Point", "coordinates": [ -76.78251, 0.92233 ] } },
{ "type": "Feature", "properties": { "nivel": "municipio", "codigo": "88001", "label": "San Andrés", "area": 0.0022 }, "geometry": { "type": "Point", "coordinates": [ -81.72037, 12.53759 ] } },
{ "type": "Feature", "properties": { "nivel": "municipio", "codigo": "88564", "label": "Providencia", "area": 0.0018 }, "geometry": { "type": "Point", "coordinates": [ -81.37516, 13.35317 ] } },
{ "type": "Feature", "properties": { "nivel": "municipio", "codigo": "91001", "label": "Leticia", "area": 0.5007 }, "geometry": { "type": "Point", "coordinates": [ -70.08757, -3.57092 ] } },
{ "type": "Feature", "properties": { "nivel": "municipio", "codigo": "91263", "label": "El Encanto", "area": 0.8853 }, "geometry": { "type": "Point", "coordinates": [ -72.69126, -1.99787 ] } },
{ "type": "Feature", "properties": { "nivel": "municipio", "codigo": "91405", "label": "La Chorrera", "area": 1.0288 }, "geometry": { "type": "Point", "coordinates": [ -72.63726, -1.28276 ] } },
{ "type": "Feature", "properties": { "nivel": "municipio", "codigo": "91407", "label": "La Pedrera", "area": 1.1052 }, "geometry": { "type": "Point", "coordinates": [ -70.08884, -1.19488 ] } },
{ "type": "Feature", "properties": { "nivel": "municipio", "codigo": "91430", "label": "La Victoria", "area": 0.1161 }, "geometry": { "type": "Point", "coordinates": [ -71.09934, -0.12855 ] } },
{ "type": "Feature", "properties": { "nivel": "municipio", "codigo": "91460", "label": "Mirití - Paraná", "area": 1.3669 }, "geometry": { "type": "Point", "coordinates": [ -71.24636, -0.72878 ] } },
{ "type": "Feature", "properties": { "nivel": "municipio", "codigo": "91530", "label": "Puerto Alegría", "area": 0.6901 }, "geometry": { "type": "Point", "coordinates": [ -73.84224, -0.94949 ] } },
{ "type": "Feature", "properties": { "nivel": "municipio", "codigo": "91536", "label": "Puerto Arica", "area": 1.1228 }, "geometry": { "type": "Point", "coordinates": [ -71.24831, -1.9692 ] } },
{ "type": "Feature", "properties": { "nivel": "municipio", "codigo": "91540", "label": "Puerto Nariño", "area": 0.1224 }, "geometry": { "type": "Point", "coordinates": [ -70.46028, -3.55694 ] } },
{ "type": "Feature", "properties": { "nivel": "municipio", "codigo": "91669", "label": "Puerto Santander", "area": 1.1952 }, "geometry": { "type": "Point", "coordinates": [ -72.18544, -1.07684 ] } },
{ "type": "Feature", "properties": { "nivel": "municipio", "codigo": "91798", "label": "Tarapacá", "area": 0.744 }, "geometry": { "type": "Point", "coordinates": [ -69.9363, -2.60627 ] } },
{ "type": "Feature", "properties": { "nivel": "municipio", "codigo": "94001", "label": "Inírida", "area": 1.287 }, "geometry": { "type": "Point", "coordinates": [ -68.39029, 3.20235 ] } },
{ "type": "Feature", "properties": { "nivel": "municipio", "codigo": "94343", "label": "Barrancominas", "area": 1.1648 }, "geometry": { "type": "Point", "coordinates": [ -69.79759, 3.04527 ] } },
{ "type": "Feature", "properties": { "nivel": "municipio", "codigo": "94883", "label": "San Felipe", "area": 0.2346 }, "geometry": { "type": "Point", "coordinates": [ -67.2265, 2.05404 ] } },
{ "type": "Feature", "properties": { "nivel": "municipio", "codigo": "94884", "label": "Puerto Colombia", "area": 1.2633 }, "geometry": { "type": "Point", "coordinates": [ -68.28075, 2.49227 ] } },
{ "type": "Feature", "properties": { "nivel": "municipio", "codigo": "94885", "label": "La Guadalupe", "area": 0.0943 }, "geometry": { "type": "Point", "coordinates": [ -66.99682, 1.42622 ] } },
{ "type": "Feature", "properties": { "nivel": "municipio", "codigo": "94886", "label": "Cacahual", "area": 0.1876 }, "geometry": { "type": "Point", "coordinates": [ -67.55557, 3.4447 ] } },
{ "type": "Feature", "properties": { "nivel": "municipio", "codigo": "94887", "label": "Pana Pana", "area": 0.825 }, "geometry": { "type": "Point", "coordinates": [ -69.0849, 2.06341 ] } },
{ "type": "Feature", "properties": { "nivel": "municipio", "codigo": "94888", "label": "Morichal", "area": 0.6912 }, "geometry": { "type": "Point", "coordinates": [ -69.90928, 2.40429 ] } },
{ "type": "Feature", "properties": { "nivel": "municipio", "codigo": "95001", "label": "San José del Guaviare", "area": 1.3604 }, "geometry": { "type": "Point", "coordinates": [ -71.81756, 2.46857 ] } },
{ "type": "Feature", "properties": { "nivel": "municipio", "codigo": "95015", "label": "Calamar", "area": 1.0998 }, "geometry": { "type": "Point", "coordinates": [ -72.96585, 1.54306 ] } },
{ "type": "Feature", "properties": { "nivel": "municipio", "codigo": "95025", "label": "El Retorno", "area": 1.0093 }, "geometry": { "type": "Point", "coordinates": [ -71.36017, 2.04965 ] } },
{ "type": "Feature", "properties": { "nivel": "municipio", "codigo": "95200", "label": "Miraflores", "area": 1.0395 }, "geometry": { "type": "Point", "coordinates": [ -72.08471, 1.32737 ] } },
{ "type": "Feature", "properties": { "nivel": "municipio", "codigo": "97001", "label": "Mitú", "area": 1.3122 }, "geometry": { "type": "Point", "coordinates": [ -70.47774, 0.97101 ] } },
{ "type": "Feature", "properties": { "nivel": "municipio", "codigo": "97161", "label": "Carurú", "area": 0.5163 }, "geometry": { "type": "Point", "coordinates": [ -71.24852, 1.14829 ] } },
{ "type": "Feature", "properties": { "nivel": "municipio", "codigo": "97511", "label": "Pacoa", "area": 1.1333 }, "geometry": { "type": "Point", "coordinates": [ -70.90628, 0.19358 ] } },
{ "type": "Feature", "properties": { "nivel": "municipio", "codigo": "97666", "label": "Taraira", "area": 0.5261 }, "geometry": { "type": "Point", "coordinates": [ -69.91879, -0.67204 ] } },
{ "type": "Feature", "properties": { "nivel": "municipio", "codigo": "97777", "label": "Papunahua", "area": 0.4496 }, "geometry": { "type": "Point", "coordinates": [ -70.93162, 1.61683 ] } },
{ "type": "Feature", "properties": { "nivel": "municipio", "codigo": "97889", "label": "Yavaraté", "area": 0.3763 }, "geometry": { "type": "Point", "coordinates": [ -69.63453, 0.83145 ] } },
{ "type": "Feature", "properties": { "nivel": "municipio", "codigo": "99001", "label": "Puerto Carreño", "area": 0.9859 }, "geometry": { "type": "Point", "coordinates": [ -68.20727, 5.81344 ] } },
{ "type": "Feature", "properties": { "nivel": "municipio", "codigo": "99524", "label": "La Primavera", "area": 1.5062 }, "geometry": { "type": "Point", "coordinates": [ -69.61608, 5.54861 ] } },
{ "type": "Feature", "properties": { "nivel": "municipio", "codigo": "99624", "label": "Santa Rosalía", "area": 0.3 }, "geometry": { "type": "Point", "coordinates": [ -70.66803, 5.04146 ] } },
{ "type": "Feature", "properties": { "nivel": "municipio", "codigo": "99773", "label": "Cumaribo", "area": 5.3086 }, "geometry": { "type": "Point", "coordinates": [ -69.41581, 4.15038 ] } }
]
}
